Unnamed: 1,Cash Price ($/MT)
2009-01-01,0.0
2009-01-02,0.055730875942366254
2009-01-05,0.01709823754424633
2009-01-06,0.03309741079092632
2009-01-07,-0.030119407544036747
2009-01-08,-0.07083752085859985
2009-01-09,-0.013334904046990559
2009-01-12,-0.11228284374261577
2009-01-13,-0.0494782246028187
2009-01-14,-0.07126769117305543
2009-01-15,-0.06884571481423585
2009-01-16,-0.044240980594713264
2009-01-19,-0.00241787029743179
2009-01-20,0.017686013767463038
2009-01-21,-0.03343029983621015
2009-01-22,-0.020867210722100182
2009-01-23,0.06250851739914687
2009-01-26,0.038158588656848735
2009-01-27,-0.0042950330972448825
2009-01-28,0.021986756278025155
2009-01-29,-0.007272567043139944
2009-01-30,-0.021249041544164626
2009-02-02,-0.010606239171332632
2009-02-03,0.01296874053620023
2009-02-04,0.021550361048756628
2009-02-05,-0.0037619884864383835
2009-02-06,0.0009662774231262716
2009-02-09,0.00022541441328094436
2009-02-10,-0.0535032068033825
2009-02-11,-0.07740584635462255
2009-02-12,-0.0747281646877962
2009-02-13,-0.059955171632847026
2009-02-16,-0.05358463697584881
2009-02-17,-0.0789024381636132
2009-02-18,-0.08412686793253599
2009-02-19,-0.05383882341455326
2009-02-20,-0.08079981150578774
2009-02-23,-0.06789841353888271
2009-02-24,-0.03145271315969289
2009-02-25,-0.0026650918801660595
2009-02-26,-0.003779102863884276
2009-02-27,-0.007787249638885996
2009-03-02,-0.04655499051648526
2009-03-03,-0.030322167021653357
2009-03-04,0.007630798298849939
2009-03-05,-0.010890180378703818
2009-03-06,-0.007134408159656047
2009-03-09,-0.021407858844723293
2009-03-10,0.004239781994250791
2009-03-11,-0.008342167685080781
2009-03-12,-0.03763978890836306
2009-03-13,-0.018593471860501865
2009-03-16,0.026894920224259877
2009-03-17,0.023010187803912174
2009-03-18,0.0001608800859571602
2009-03-19,0.011382111182607346
2009-03-20,0.0071541639921548494
2009-03-23,-0.005139093120478222
2009-03-24,-0.013059976116112537
2009-03-25,-0.02482237082499239
2009-03-26,-0.009862732745654412
2009-03-27,-0.010544159819053434
2009-03-30,-0.020448833282996404
2009-03-31,0.007071969970796843
2009-04-01,0.02739579671935033
2009-04-02,0.06291292847916452
2009-04-03,0.08109357319286481
2009-04-06,0.05388910613613085
2009-04-07,0.057197808905860015
2009-04-08,0.05441108732302169
2009-04-09,0.0513149884725177
2009-04-10,0.04342032768923687
2009-04-13,0.036740243501451886
2009-04-14,0.09101161579813244
2009-04-15,0.12286130688499242
2009-04-16,0.10129381142537319
2009-04-17,0.11299144759927948
2009-04-20,0.04409076920861921
2009-04-21,-0.003979932197367475
2009-04-22,-0.001963352001006058
2009-04-23,-0.013859926198403372
2009-04-24,0.0031253723612856277
2009-04-27,-0.01011327311299759
2009-04-28,-0.04264143601188408
2009-04-29,-0.00716967491266729
2009-04-30,0.02152575778951693
2009-05-01,0.034004911395278725
2009-05-04,0.028773384406648006
2009-05-05,0.031176877776209366
2009-05-06,0.07398117140790816
2009-05-07,0.10122538286288219
2009-05-08,0.07308010544618071
2009-05-11,0.05006379049262577
2009-05-12,0.05042439441825586
2009-05-13,0.0025888774348601373
2009-05-14,0.009037385025285616
2009-05-15,0.0018256554559279436
2009-05-18,-0.006004082365480556
2009-05-19,0.0036973730834120033
2009-05-20,0.01585799522186626
2009-05-21,-0.023953440306156537
2009-05-22,0.0255954820300186
2009-05-25,0.021657715431267377
2009-05-26,0.057840044622697206
2009-05-27,0.04862403412289318
2009-05-28,0.047723869717868794
2009-05-29,0.0677304096547875
2009-06-01,0.09950628858817012
2009-06-02,0.08233782135491019
2009-06-03,0.04505355803793165
2009-06-04,0.06738102339085295
2009-06-05,0.05097529307593618
2009-06-08,0.025287517024263906
2009-06-09,0.061955211341819805
2009-06-10,0.047758489305294916
2009-06-11,0.08891211430484525
2009-06-12,0.06950363213585753
2009-06-15,0.007496059447561265
2009-06-16,0.024811309234644696
2009-06-17,0.006836803730372765
2009-06-18,0.014965976798853475
2009-06-19,0.02342761780251479
2009-06-22,-0.020430850510438248
2009-06-23,-0.010793810821709826
2009-06-24,0.041207528973684404
2009-06-25,0.044640675659888274
2009-06-26,0.0446388109767728
2009-06-29,0.03766360732627483
2009-06-30,0.00883353489062344
2009-07-01,0.06754472479411966
2009-07-02,0.05498558725534508
2009-07-03,0.03329751901187805
2009-07-06,0.014469271261178918
2009-07-07,-0.003914485911524324
2009-07-08,-0.04220162710259956
2009-07-09,-0.038446326130941344
2009-07-10,-0.056104066734960156
2009-07-13,-0.03355085095553001
2009-07-14,0.01956469504884062
2009-07-15,0.036035946729979784
2009-07-16,0.03898488209223494
2009-07-17,0.03435929254535708
2009-07-20,0.034225045070670035
2009-07-21,0.014422840721925567
2009-07-22,0.028154633660111728
2009-07-23,0.031842640001256584
2009-07-24,0.04570353928562021
2009-07-27,0.04829945581253803
2009-07-28,0.024523574539973225
2009-07-29,0.0022054105709603533
2009-07-30,0.0507240537453999
2009-07-31,0.07830560493566097
2009-08-03,0.10664830155047333
2009-08-04,0.11327354122258093
2009-08-05,0.14277263752326697
2009-08-06,0.08464767092380221
2009-08-07,0.07249071578248412
2009-08-10,0.08554227460934172
2009-08-11,0.042360346078613276
2009-08-12,0.0424394021661616
2009-08-13,0.07633958391452467
2009-08-14,0.021524793761232175
2009-08-17,-0.0009066743243550945
2009-08-18,-0.013863244171981037
2009-08-19,-0.010155359957497723
2009-08-20,-0.005989306410135953
2009-08-21,0.013638787121342588
2009-08-24,0.025109881922640298
2009-08-25,0.010915570039717437
2009-08-26,-0.0025945700555176643
2009-08-27,-0.01666832577010524
2009-08-28,-0.001182607170951755
2009-08-31,-0.0010006676061919961
2009-09-01,-0.0367853948391037
2009-09-02,-0.039360449902760664
2009-09-03,-0.02901499714076472
2009-09-04,-0.05379541290986367
2009-09-07,-0.040430832347244205
2009-09-08,-0.0221880988073071
2009-09-09,-0.01967151976357684
2009-09-10,-0.05303096256341533
2009-09-11,-0.05704029217662665
2009-09-14,-0.06570153020608416
2009-09-15,-0.050045700311132535
2009-09-16,-0.015483663979242834
2009-09-17,0.0003552738830823188
2009-09-18,-0.020510906053248235
2009-09-21,-0.005393497817578918
2009-09-22,0.012660879184776874
2009-09-23,0.016869007267562353
2009-09-24,-0.02389920250281996
2009-09-25,-0.030229660220983945
2009-09-28,-0.03321361791271471
2009-09-29,-0.008276094352986263
2009-09-30,0.030077209902961144
2009-10-01,0.002758723803212959
2009-10-02,-0.005038617680709123
2009-10-05,0.008724514001871242
2009-10-06,0.03507593403795717
2009-10-07,0.05399315295543339
2009-10-08,0.08368775329607381
2009-10-09,0.03771830880535809
2009-10-12,0.034990445297184536
2009-10-13,-0.0006271828127566437
2009-10-14,0.01761112559047895
2009-10-15,0.026497723680655838
2009-10-16,0.01793802609885553
2009-10-19,0.04084706909019076
2009-10-20,0.015317131200530909
2009-10-21,0.05210045382442985
2009-10-22,0.018356620870017437
2009-10-23,0.008629834712159834
2009-10-26,-0.008221542226380052
2009-10-27,-0.00700223436430214
2009-10-28,-0.04579138237099478
2009-10-29,0.003030634034935531
2009-10-30,-0.016507916773267794
2009-11-02,-0.022798723913632912
2009-11-03,-0.0321636152224567
2009-11-04,-0.022649777343435318
2009-11-05,-0.025879415427191077
2009-11-06,-0.04202355115322831
2009-11-09,-0.03184568257976039
2009-11-10,-0.05691236292660484
2009-11-11,-0.04659251253905161
2009-11-12,-0.07315577589909772
2009-11-13,-0.06621360038330693
2009-11-16,-0.02020386869348023
2009-11-17,-0.012056536735308043
2009-11-18,0.002216674158143306
2009-11-19,-0.006783024358904655
2009-11-20,-0.024656082192230144
2009-11-23,-0.005605450668591416
2009-11-24,-0.012565504098237312
2009-11-25,0.0020488731147967343
2009-11-26,-0.01976466310937397
2009-11-27,-0.042630230272999725
2009-11-30,-0.019489694333541863
2009-12-01,-0.024401749182313637
2009-12-02,-0.0181937260074001
2009-12-03,-0.031128486182659287
2009-12-04,-0.026605098332291632
2009-12-07,-0.022884000441539598
2009-12-08,-0.011532980252825453
2009-12-09,0.01207608114732217
2009-12-10,-0.005006743364942778
2009-12-11,0.012987704080760665
2009-12-14,0.02626253807360257
2009-12-15,0.027685589217727014
2009-12-16,0.04794847367077004
2009-12-17,0.01934065292631537
2009-12-18,0.01775752288178367
2009-12-21,0.05595460637155725
2009-12-22,0.037776973909245726
2009-12-23,0.0640960657193137
2009-12-24,0.06404226804606772
2009-12-25,0.05418961142359535
2009-12-28,0.045852748127657605
2009-12-29,0.06287454797806902
2009-12-30,0.04079986513732692
2009-12-31,0.017409104577286172
2010-01-01,0.014730780796165632
2010-01-04,0.033657951228272864
2010-01-05,0.015636855837952268
2010-01-06,0.03333271553743167
2010-01-07,-0.003279409172584735
2010-01-08,-0.02866288491049218
2010-01-11,-0.024870303825892393
2010-01-12,-0.0302108993436061
2010-01-13,0.0027595568519309666
2010-01-14,0.0023814314706527284
2010-01-15,0.015782195538907473
2010-01-18,0.026541245547051062
2010-01-19,0.036946885052673295
2010-01-20,0.012717270658200164
2010-01-21,0.0172868128447341
2010-01-22,-0.014239526878146336
2010-01-25,-0.01964439191136691
2010-01-26,-0.014518421165105266
2010-01-27,-0.012518310514007425
2010-01-28,-0.0032450244301855946
2010-01-29,0.004584254658452025
2010-02-01,-0.0196248607920797
2010-02-02,-0.0027500816628567293
2010-02-03,-5.506344558803278e-05
2010-02-04,-0.029349063289375366
2010-02-05,-0.05787486931350294
2010-02-08,-0.03782978651766555
2010-02-09,-0.01873424877501506
2010-02-10,-0.008091113010609163
2010-02-11,0.028075311032020878
2010-02-12,0.03255065163916271
2010-02-15,0.05933689147954979
2010-02-16,0.0919517744976801
2010-02-17,0.06987279398545532
2010-02-18,0.07205390297681369
2010-02-19,0.0722718073289581
2010-02-22,0.050846057549225776
2010-02-23,0.031160447077818176
2010-02-24,0.03810522258144111
2010-02-25,0.026999398336679192
2010-02-26,0.05664228893548717
2010-03-01,0.05872859016145071
2010-03-02,0.08045190111460698
2010-03-03,0.09094255483319813
2010-03-04,0.056447828679795364
2010-03-05,0.05156307706120167
2010-03-08,0.03998307547391455
2010-03-09,0.031964153402560314
2010-03-10,-0.0012775711589707583
2010-03-11,-0.009925985110815105
2010-03-12,0.009824097322665537
2010-03-15,-0.0010653467055714572
2010-03-16,0.015278045008304986
2010-03-17,0.026406724271886617
2010-03-18,0.041628826895838245
2010-03-19,0.023600701766369525
2010-03-22,0.013184636977483066
2010-03-23,0.019600988338236647
2010-03-24,0.0074172746353387
2010-03-25,0.028530795721643187
2010-03-26,0.051987206379076056
2010-03-29,0.057911353408679034
2010-03-30,0.06158605368634795
2010-03-31,0.07412532714742426
2010-04-01,0.06444858685927812
2010-04-02,0.05453341965015923
2010-04-05,0.04614366278090465
2010-04-06,0.03184183915984384
2010-04-07,0.02280441126519861
2010-04-08,0.018953093007626265
2010-04-09,0.03214199185239863
2010-04-12,0.04642942338622724
2010-04-13,0.030140703697087545
2010-04-14,0.05474036561223272
2010-04-15,0.07247898504650685
2010-04-16,0.04497402528534167
2010-04-19,0.03780085375414188
2010-04-20,0.050522792733191935
2010-04-21,0.033751990029253776
2010-04-22,0.03156937561869455
2010-04-23,0.02525591718769782
2010-04-26,0.024609157010445415
2010-04-27,-0.01839421767339111
2010-04-28,-0.02460892157914607
2010-04-29,-0.029029857972910023
2010-04-30,0.004996517922728927
2010-05-03,0.004227822857695074
2010-05-04,-0.051298703528527057
2010-05-05,-0.14318957981422464
2010-05-06,-0.11633571224832906
2010-05-07,-0.07940958778790375
2010-05-10,-0.0503886979788124
2010-05-11,-0.058124527397868775
2010-05-12,-0.05072420744690831
2010-05-13,-0.03460496017566861
2010-05-14,-0.07598339809102939
2010-05-17,-0.09865974127343691
2010-05-18,-0.025882506760845914
2010-05-19,-0.05517778511774196
2010-05-20,-0.05072429506385667
2010-05-21,-0.0368746515180991
2010-05-24,0.0017878117973975094
2010-05-25,-0.037903141448845545
2010-05-26,-0.03528340751361192
2010-05-27,-0.002626490154653993
2010-05-28,-0.01989266490930497
2010-05-31,-0.016832254923256684
2010-06-01,-0.04886390560247911
2010-06-02,-0.07731513353218311
2010-06-03,-0.10860867584486122
2010-06-04,-0.12525747382157526
2010-06-07,-0.09419201620741724
2010-06-08,-0.06673422743394575
2010-06-09,-0.02025823414039607
2010-06-10,-0.03188780009145553
2010-06-11,-0.0007557217647935488
2010-06-14,0.03134856059162594
2010-06-15,0.02359275990511911
2010-06-16,0.011950623494341173
2010-06-17,-7.574849281866136e-05
2010-06-18,-0.009161451957472977
2010-06-21,0.003315749797858203
2010-06-22,-0.0057516543639017925
2010-06-23,-0.021275439246522865
2010-06-24,-0.012511905592683448
2010-06-25,0.00468522977064012
2010-06-28,0.04188586137662398
2010-06-29,-0.03174540956515237
2010-06-30,0.0024043556810831035
2010-07-01,-0.030576327937787084
2010-07-02,-0.034857271346526275
2010-07-05,-0.035204542943381156
2010-07-06,-0.019394428662428354
2010-07-07,-0.005122800440165776
2010-07-08,0.00671710543827686
2010-07-09,0.010046906380928533
2010-07-12,-0.004789074829805173
2010-07-13,0.011280967639493156
2010-07-14,0.002964277038618235
2010-07-15,0.002376962973539065
2010-07-16,-0.017936133409211408
2010-07-19,-0.022172656682283076
2010-07-20,-0.004427137478559828
2010-07-21,0.012487309306333572
2010-07-22,0.043176234637620325
2010-07-23,0.04067428011077112
2010-07-26,0.05278201390067849
2010-07-27,0.03431056676912014
2010-07-28,0.023184581707475616
2010-07-29,0.030902972947972174
2010-07-30,0.04539226246775563
2010-08-02,0.07004260024115183
2010-08-03,0.0482526298345789
2010-08-04,0.05192066489695968
2010-08-05,0.040989319367778165
2010-08-06,0.04340658302254141
2010-08-09,0.06307916844600925
2010-08-10,0.030664360755002562
2010-08-11,0.006374936332930403
2010-08-12,-0.0051186535665443955
2010-08-13,-0.01027511324792485
2010-08-16,0.002069444955303368
2010-08-17,0.017402599827425647
2010-08-18,0.012828200259519917
2010-08-19,0.007047670342329226
2010-08-20,-0.003550852230384649
2010-08-23,-0.01691904463383942
2010-08-24,-0.038638622001171186
2010-08-25,-0.05394746534465611
2010-08-26,-0.03040972517759677
2010-08-27,-0.0011168617913579482
2010-08-30,-0.0009450369003811687
2010-08-31,-0.015064086427496903
2010-09-01,0.0014776053931360167
2010-09-02,0.025052473274863374
2010-09-03,0.01951170398709756
2010-09-06,0.03794738673617282
2010-09-07,0.03405929968592858
2010-09-08,0.056434044382639215
2010-09-09,0.04230058336431952
2010-09-10,0.026515690083279253
2010-09-13,0.03542564829492889
2010-09-14,0.04858596857579833
2010-09-15,0.03595016218566549
2010-09-16,0.03213108790475516
2010-09-17,0.02558548594626231
2010-09-20,0.016787236248415383
2010-09-21,-0.013028762206474198
2010-09-22,-0.00281065006198844
2010-09-23,0.005050593012608573
2010-09-24,0.010199568755879795
2010-09-27,0.015650638099039327
2010-09-28,0.016166040394081094
2010-09-29,0.019748770974317154
2010-09-30,0.018230210772086863
2010-10-01,0.03129085279155319
2010-10-04,0.03596747400976419
2010-10-05,0.05081589906714257
2010-10-06,0.04546040454667377
2010-10-07,0.006663706132409075
2010-10-08,0.023079820772640147
2010-10-11,0.016885172334545118
2010-10-12,0.004615817114492771
2010-10-13,0.016012805193827973
2010-10-14,0.010207425026814931
2010-10-15,-0.0009568108211919224
2010-10-18,-0.009122940591636208
2010-10-19,-0.0201005332816262
2010-10-20,-7.913352067667745e-05
2010-10-21,-0.014144837082023187
2010-10-22,-0.023760087878311964
2010-10-25,-0.0075660272019622
2010-10-26,-0.016387082877290737
2010-10-27,-0.032128485565076303
2010-10-28,-0.016276442400068092
2010-10-29,-0.01786070479066204
2010-11-01,-0.005750059580838851
2010-11-02,0.0035638369761485933
2010-11-03,0.0056505939603788136
2010-11-04,0.038552788565006324
2010-11-05,0.0310617953972816
2010-11-08,0.014720678916203767
2010-11-09,0.029654658559948643
2010-11-10,0.00884279958243539
2010-11-11,0.002019313509682874
2010-11-12,-0.04615295799023045
2010-11-15,-0.05152914935253783
2010-11-16,-0.10379125368433151
2010-11-17,-0.058492120074296494
2010-11-18,-0.03764350427523766
2010-11-19,-0.031774527941653474
2010-11-22,-0.03665031206687175
2010-11-23,-0.030776137888787858
2010-11-24,0.00854746527724437
2010-11-25,0.019656871317833335
2010-11-26,0.0063544551137599825
2010-11-29,0.0004742167051094981
2010-11-30,0.02375263454574217
2010-12-01,0.03862153143085756
2010-12-02,0.03698826845730352
2010-12-03,0.025836603413322834
2010-12-06,0.025350892172406603
2010-12-07,0.038683902814396376
2010-12-08,0.02888997809457905
2010-12-09,0.010156882868219697
2010-12-10,0.021822115278656185
2010-12-13,0.03777119008098673
2010-12-14,0.031026082989439985
2010-12-15,0.02808557699847647
2010-12-16,0.028895966203490886
2010-12-17,0.03472227401894834
2010-12-20,0.013839116018658615
2010-12-21,0.014228286789167655
2010-12-22,-0.007967062073031883
2010-12-23,-0.022619670949934445
2010-12-24,0.0002582225632323798
2010-12-27,0.00021849601504264626
2010-12-28,0.0001848812434968039
2010-12-29,-0.010482256406154633
2010-12-30,0.0076144362171035596
2010-12-31,0.021995815061904622
2011-01-03,0.01861184351391998
2011-01-04,0.02940464056518266
2011-01-05,0.011293181642944461
2011-01-06,0.00319691061787708
2011-01-07,-0.009562516898201423
2011-01-10,-0.01982924340595993
2011-01-11,0.012043389152459838
2011-01-12,0.04727392080318005
2011-01-13,0.03197599990923905
2011-01-14,0.037728893270367436
2011-01-17,0.03062233887285437
2011-01-18,0.03461922387978156
2011-01-19,0.015059682648697503
2011-01-20,0.016069005624339994
2011-01-21,0.026448746541595014
2011-01-24,0.021991148749410883
2011-01-25,0.010341239209052944
2011-01-26,0.02805353123893717
2011-01-27,0.023545775233200672
2011-01-28,0.02391081039582943
2011-01-31,0.043336836303620174
2011-02-01,0.05641151442950054
2011-02-02,0.04800505557783019
2011-02-03,0.03916672563749479
2011-02-04,0.04577047187660632
2011-02-07,0.036995979203267026
2011-02-08,0.033484753760660624
2011-02-09,0.028064732363379363
2011-02-10,0.007873230382619667
2011-02-11,0.020130248133938267
2011-02-14,0.034580833719529025
2011-02-15,0.024823108038399155
2011-02-16,0.015831972383685056
2011-02-17,0.011051009466653383
2011-02-18,0.02874744337140278
2011-02-21,0.02890296105795187
2011-02-22,0.005342994437750548
2011-02-23,0.005436794256258537
2011-02-24,-0.03097782560771911
2011-02-25,-0.00516655464870297
2011-02-28,0.019381754442850507
2011-03-01,0.010038408156182399
2011-03-02,0.0032398735542127355
2011-03-03,0.010317087390271595
2011-03-04,0.0069084510047972
2011-03-07,-0.03420116150112662
2011-03-08,-0.04922289519925016
2011-03-09,-0.06320896060171854
2011-03-10,-0.056665416343948394
2011-03-11,-0.05110793253156132
2011-03-14,-0.047269577495768544
2011-03-15,-0.0773793288336666
2011-03-16,-0.056541291279332384
2011-03-17,-0.01535343829800695
2011-03-18,0.01353317979136115
2011-03-21,0.011198049464496762
2011-03-22,-0.0033094958369215277
2011-03-23,0.012338519252280022
2011-03-24,0.02220686507475733
2011-03-25,0.014109667523642955
2011-03-28,-0.014601377182126285
2011-03-29,-0.0003007860014747621
2011-03-30,-0.01869361071803155
2011-03-31,-0.01367320460119359
2011-04-01,-0.027936059884034137
2011-04-04,-0.026936537153842366
2011-04-05,-0.02595365981127884
2011-04-06,0.012339496458004362
2011-04-07,0.022140889821526955
2011-04-08,0.04347087818577933
2011-04-11,0.0400272515019644
2011-04-12,0.002313318301377265
2011-04-13,-0.011916882498548276
2011-04-14,-0.024812046450696457
2011-04-15,-0.009414746085456116
2011-04-18,-0.029244341539552465
2011-04-19,-0.03180791756644297
2011-04-20,0.00869046717344979
2011-04-21,0.023241168533195022
2011-04-22,0.019665604143472848
2011-04-25,0.016640126582938564
2011-04-26,0.006109996256224548
2011-04-27,0.0045660212603326755
2011-04-28,0.011051434760140921
2011-04-29,0.009351214027811139
2011-05-02,0.007912565715839648
2011-05-03,0.02089037985306952
2011-05-04,-0.02950364250024684
2011-05-05,-0.06869454196909608
2011-05-06,-0.05536882431470502
2011-05-09,-0.05473273322426486
2011-05-10,-0.029598468388670085
2011-05-11,-0.035288520030624326
2011-05-12,-0.02985951694899036
2011-05-13,-0.030486479214907547
2011-05-16,-0.027254120549722316
2011-05-17,-0.03045852976739205
2011-05-18,-0.007604870869231561
2011-05-19,-0.045860052871736556
2011-05-20,-0.03952372015799277
2011-05-23,-0.07581407284827257
2011-05-24,-0.045192020881227535
2011-05-25,-0.019371009536882866
2011-05-26,-0.037554957221153984
2011-05-27,-0.022191530008841553
2011-05-30,-0.018777448469020186
2011-05-31,0.0024610351404721342
2011-06-01,-0.010421837752097929
2011-06-02,-0.03387018593335078
2011-06-03,-0.020337536297525105
2011-06-06,-0.023582684775389495
2011-06-07,-0.020366251177966532
2011-06-08,-0.014243563902432754
2011-06-09,0.006067530105749341
2011-06-10,-0.007927815848818298
2011-06-13,-0.028340104656289
2011-06-14,-0.022497841449578004
2011-06-15,-0.029909531502029907
2011-06-16,-0.04203105583581568
2011-06-17,-0.03458450978486027
2011-06-20,-0.028323862516771214
2011-06-21,-0.014894831897073857
2011-06-22,-0.002134985734208783
2011-06-23,-0.0026867208780103624
2011-06-24,-0.0012784442128488394
2011-06-27,0.0007901352828074693
2011-06-28,0.018864510452576866
2011-06-29,0.03047743830449612
2011-06-30,0.038432954864996205
2011-07-01,0.016860031608379344
2011-07-04,0.020579695113219998
2011-07-05,0.02219073163266927
2011-07-06,0.02157217806474243
2011-07-07,0.036964369956551835
2011-07-08,0.030852020116160617
2011-07-11,0.002037571365603341
2011-07-12,0.016949673411335908
2011-07-13,0.026123277174658455
2011-07-14,0.03044017692019807
2011-07-15,0.024005273374083202
2011-07-18,0.007448558841295139
2011-07-19,0.017797296571879784
2011-07-20,0.012138503239491172
2011-07-21,0.006950985954389921
2011-07-22,0.006730516383868235
2011-07-25,-0.0006214116732508046
2011-07-26,0.010128015332885099
2011-07-27,0.01888275443928933
2011-07-28,0.021519017653856665
2011-07-29,0.033330299609966474
2011-08-01,0.012977094862112182
2011-08-02,0.019636296773914097
2011-08-03,-0.018124300516451086
2011-08-04,-0.020729461159428197
2011-08-05,-0.059634505593519904
2011-08-08,-0.0992945556959075
2011-08-09,-0.08585576509286774
2011-08-10,-0.08225787579961263
2011-08-11,-0.04457935220647791
2011-08-12,-0.045530968463653565
2011-08-15,-0.04253801953139025
2011-08-16,-0.02002025409572994
2011-08-17,-0.007151244366353282
2011-08-18,-0.03149501618038286
2011-08-19,-0.03043912817955885
2011-08-22,-0.04015040108208012
2011-08-23,-0.04153005272859289
2011-08-24,-0.02839786518825882
2011-08-25,-0.023052631382338262
2011-08-26,0.004622148321731245
2011-08-29,0.003911048579926302
2011-08-30,0.02090641678198324
2011-08-31,0.028954066146377855
2011-09-01,0.007176610433720754
2011-09-02,-0.0037287542370556537
2011-09-05,-0.027395435307941085
2011-09-06,-0.032053043828264904
2011-09-07,0.017271993971990085
2011-09-08,0.026649481278163023
2011-09-09,-0.013840279880797723
2011-09-12,0.006434574672780968
2011-09-13,-0.006357300488483375
2011-09-14,-0.0023637914269070137
2011-09-15,0.014512050947287136
2011-09-16,0.000585497526504497
2011-09-19,-0.021082860885179855
2011-09-20,-0.007959136346402218
2011-09-21,-0.04000287196819308
2011-09-22,-0.09940980874486272
2011-09-23,-0.11147985906334057
2011-09-26,-0.10721993109958383
2011-09-27,-0.04720018262190884
2011-09-28,-0.06043571178926044
2011-09-29,-0.04361446638668376
2011-09-30,-0.08692654676125677
2011-10-03,-0.0076122615795792825
2011-10-04,-0.018781527414816424
2011-10-05,-0.031908933774259296
2011-10-06,-0.0020798167312907623
2011-10-07,-0.00373024905746
2011-10-10,0.017745039094549497
2011-10-11,-0.007546860264831423
2011-10-12,0.002773486139179937
2011-10-13,-0.025893332277776793
2011-10-14,-0.002559415379931096
2011-10-17,0.0023132515978865342
2011-10-18,0.009606066155201987
2011-10-19,-0.007509483572947673
2011-10-20,-0.0429859464648672
2011-10-21,0.000574647002052231
2011-10-24,0.05275128871901735
2011-10-25,0.03418896615910505
2011-10-26,0.0020343934327797797
2011-10-27,0.03536797318352214
2011-10-28,0.021371023028555314
2011-10-31,0.012691579671630038
2011-11-01,-0.032765478250173175
2011-11-02,-0.02854499364690355
2011-11-03,-0.03125075939525246
2011-11-04,-0.004520287192386618
2011-11-07,-0.01283376804715175
2011-11-08,-0.027090266189448542
2011-11-09,-0.036862319705399216
2011-11-10,-0.026068005960308227
2011-11-11,-0.025352475582536727
2011-11-14,-0.034119693500535675
2011-11-15,-0.041175807437129563
2011-11-16,-0.004802555032116018
2011-11-17,-0.003784457074075931
2011-11-18,-0.027225280789116013
2011-11-21,-0.01631347606027056
2011-11-22,-0.02605038429938844
2011-11-23,-0.04807416691884292
2011-11-24,-0.038246734290471096
2011-11-25,-0.0382796313424123
2011-11-28,-0.021582228163474326
2011-11-29,-0.0248394608819531
2011-11-30,0.0009854395909094649
2011-12-01,-0.03730927494396674
2011-12-02,0.017448108962719644
2011-12-05,0.05081655659131101
2011-12-06,0.0393985013883249
2011-12-07,0.015783817109406684
2011-12-08,0.025098155064751992
2011-12-09,0.034961468326667244
2011-12-12,0.02274832310822994
2011-12-13,0.013306594444031816
2011-12-14,-0.03152122899907184
2011-12-15,-0.0025621385638920913
2011-12-16,0.028094822592803936
2011-12-19,0.015203010298060704
2011-12-20,0.034194722793404964
2011-12-21,0.033368704514355585
2011-12-22,0.0157678969229611
2011-12-23,0.004774731315157155
2011-12-26,0.004040157266672395
2011-12-27,0.003418594610261394
2011-12-28,-0.024713655125999878
2011-12-29,-0.006832911446249312
2011-12-30,0.019119793215294223
2012-01-02,0.016178286566786326
2012-01-03,0.022053346445584765
2012-01-04,0.013859065294932194
2012-01-05,0.006445335001226127
2012-01-06,0.00839201757988306
2012-01-09,0.022217619067824046
2012-01-10,0.03617333494900521
2012-01-11,0.02791150746858584
2012-01-12,0.033061595554015
2012-01-13,0.02452167847560993
2012-01-16,0.012664778644522201
2012-01-17,0.014768173010732966
2012-01-18,0.011278283137691858
2012-01-19,0.03981197168283224
2012-01-20,0.04437053403547786
2012-01-23,0.03159320993130166
2012-01-24,0.039827870222953976
2012-01-25,0.04590731269285442
2012-01-26,0.06514255627656595
2012-01-27,0.059079842275108874
2012-01-30,0.0342804662094931
2012-01-31,0.010315157797540664
2012-02-01,0.013399402601912414
2012-02-02,0.007358914313929432
2012-02-03,0.023468686386232562
2012-02-06,0.035073214334159886
2012-02-07,0.03366292060774789
2012-02-08,0.016391404869517956
2012-02-09,0.014897159624702283
2012-02-10,-0.02025292872491491
2012-02-13,-0.023318540056342485
2012-02-14,-0.03631261814332909
2012-02-15,-0.03393775653230158
2012-02-16,-0.03603046681677924
2012-02-17,-0.04231401095997356
2012-02-20,-0.030149735780973685
2012-02-21,-0.005235805831587115
2012-02-22,-0.009865858406044481
2012-02-23,-0.012585804431100911
2012-02-24,-0.0031630752120950234
2012-02-27,-0.0036455278325746576
2012-02-28,-0.019215352634901706
2012-02-29,-0.03912426205137898
2012-03-01,-0.02270660780953726
2012-03-02,-0.02012953034092746
2012-03-05,-0.034888900515115395
2012-03-06,-0.0442392272997747
2012-03-07,-0.030340267706959523
2012-03-08,-0.030183440760922053
2012-03-09,-0.002869659088945653
2012-03-12,-0.004323748922576698
2012-03-13,0.004881982147383113
2012-03-14,0.009596235327856917
2012-03-15,-0.0003434625946887593
2012-03-16,-0.021467215215825064
2012-03-19,-0.01167098870404537
2012-03-20,-0.009920065053202975
2012-03-21,-0.01944080470140186
2012-03-22,-0.0321435318465042
2012-03-23,-0.03976995339789724
2012-03-26,-0.03519519168829177
2012-03-27,-0.047284213567722944
2012-03-28,-0.049914241164565
2012-03-29,-0.06269614073767471
2012-03-30,-0.02025075503713225
2012-04-02,0.0017647819053117075
2012-04-03,0.012008092641348611
2012-04-04,-0.017730328312959287
2012-04-05,0.010814359616036384
2012-04-06,0.009150611982800427
2012-04-09,0.007742825523909147
2012-04-10,-0.004316303202910987
2012-04-11,-0.006930656031935101
2012-04-12,0.021945920624141024
2012-04-13,0.0007421591757630353
2012-04-16,-0.03789195059534478
2012-04-17,-0.016815125310975176
2012-04-18,-0.022659610749697023
2012-04-19,-0.021535931841572875
2012-04-20,-0.008573673683033078
2012-04-23,-0.019611688942759997
2012-04-24,-0.023500334702385217
2012-04-25,-0.010512499847441958
2012-04-26,0.019642622532481724
2012-04-27,0.011938542461541246
2012-04-30,0.0004216946042934211
2012-05-01,-0.008666998253520575
2012-05-02,-0.027836248875011904
2012-05-03,-0.02330789558842916
2012-05-04,-0.005051749708679054
2012-05-07,-0.004274557445805627
2012-05-08,-0.014020794430962269
2012-05-09,-0.019825527285291855
2012-05-10,-0.017516451419080425
2012-05-11,-0.012994972261605398
2012-05-14,-0.02757922866903506
2012-05-15,-0.017672334054200434
2012-05-16,-0.014753713229747945
2012-05-17,-0.003146124302604747
2012-05-18,-0.021138904417819404
2012-05-21,4.6503194594649244e-05
2012-05-22,-0.014216407751700189
2012-05-23,-0.019400344635588596
2012-05-24,0.0008999775153117895
2012-05-25,-0.0018258047014843015
2012-05-28,-0.004140171461290976
2012-05-29,-0.026403765861292783
2012-05-30,-0.03538354348383699
2012-05-31,-0.033336769994422255
2012-06-01,-0.034937347311306155
2012-06-04,-0.02956237080187485
2012-06-05,-0.025014313755432838
2012-06-06,-0.02132431965998194
2012-06-07,0.007795508180198141
2012-06-08,0.023628325970861397
2012-06-11,0.03877781402829328
2012-06-12,0.02682738637862947
2012-06-13,0.012955796125902808
2012-06-14,-0.006364701639219206
2012-06-15,0.005365878422201931
2012-06-18,-0.005853848106713855
2012-06-19,0.017151570530643312
2012-06-20,0.020036423941585113
2012-06-21,-0.02042350118264835
2012-06-22,-0.010496531224772454
2012-06-25,-0.016906056514683243
2012-06-26,-0.02047786063552337
2012-06-27,-0.019516829197568697
2012-06-28,-0.01844770965516318
2012-06-29,0.011166395392097073
2012-07-02,0.011372371613735055
2012-07-03,0.03630371946131916
2012-07-04,0.012591276830320908
2012-07-05,-0.0011930470808643179
2012-07-06,-0.029770710074787488
2012-07-09,-0.012470946674055128
2012-07-10,-0.029175171373793773
2012-07-11,-0.02236266395481401
2012-07-12,-0.036025464276297825
2012-07-13,-0.009958302011419562
2012-07-16,-0.005227777092697394
2012-07-17,-0.011043555134010674
2012-07-18,-0.0091335883246213
2012-07-19,-0.00973465170162946
2012-07-20,-0.013752199212097693
2012-07-23,-0.029976308918296724
2012-07-24,-0.017409749816158282
2012-07-25,-0.00855989035291671
2012-07-26,-0.007242984144776088
2012-07-27,-0.005914828168121389
2012-07-30,0.014441740104455647
2012-07-31,-0.008403509149999877
2012-08-01,-0.024142992409251107
2012-08-02,-0.03708644707652553
2012-08-03,-0.011397876449203537
2012-08-06,0.0008985735591160449
2012-08-07,-0.0021461218452323294
2012-08-08,-0.0023013302297378857
2012-08-09,-0.015378143291682633
2012-08-10,-0.018566253665980526
2012-08-13,-0.01709030114340493
2012-08-14,-0.009282385473502686
2012-08-15,-0.017354325537727533
2012-08-16,-0.002114281730035472
2012-08-17,0.003883309615206443
2012-08-20,-0.001019426343651375
2012-08-21,0.014137936708134902
2012-08-22,0.02575207241633315
2012-08-23,0.04270586024457401
2012-08-24,0.03603268291999484
2012-08-27,0.03048919323999577
2012-08-28,0.013916137268619622
2012-08-29,0.01426666417038902
2012-08-30,-0.004806721908616751
2012-08-31,-0.005290568585177624
2012-09-03,0.009603930654165538
2012-09-04,-0.00619371935374069
2012-09-05,0.002708057389540386
2012-09-06,0.0001393598510439631
2012-09-07,0.023057603405710836
2012-09-10,0.033621889519244164
2012-09-11,0.03122845588491252
2012-09-12,0.017702333578967
2012-09-13,0.020187265466132587
2012-09-14,0.06799927433151787
2012-09-17,0.07843217831937288
2012-09-18,0.04750803152884586
2012-09-19,0.03708852517283745
2012-09-20,0.037924168487146304
2012-09-21,0.04532634987562645
2012-09-24,0.0286869205509106
2012-09-25,0.043888692708920374
2012-09-26,0.021006468199404438
2012-09-27,0.03152678380437912
2012-09-28,0.0325287608000977
2012-10-01,0.038791652604100335
2012-10-02,0.02008561656340646
2012-10-03,0.020301173058978605
2012-10-04,0.024159836819002578
2012-10-05,0.003180452770989106
2012-10-08,-0.00799764195453534
2012-10-09,-0.01370044869350906
2012-10-10,-0.02380415047288409
2012-10-11,-0.01769512312549537
2012-10-12,-0.04655136895473788
2012-10-15,-0.038842767992550264
2012-10-16,-0.04120745252525104
2012-10-17,-0.022363002923302844
2012-10-18,-0.011978135244135046
2012-10-19,-0.02830571339402077
2012-10-22,-0.04236646256862464
2012-10-23,-0.047918976706323946
2012-10-24,-0.03800496520229402
2012-10-25,-0.04599677166418381
2012-10-26,-0.045766266116682885
2012-10-29,-0.04066489539205698
2012-10-30,-0.029898756247716207
2012-10-31,-0.017660464114321428
2012-11-01,-0.008986087167206946
2012-11-02,-0.024486752083497265
2012-11-05,-0.024766621437633418
2012-11-06,-0.011771941042306722
2012-11-07,-0.01414255595816094
2012-11-08,-0.0030462001908997394
2012-11-09,-0.013570151304834965
2012-11-12,-0.00464810960375317
2012-11-13,-0.005253192461927014
2012-11-14,0.0009809299695948681
2012-11-15,-0.012720589991324971
2012-11-16,-0.008392462921367638
2012-11-19,0.01948024913137658
2012-11-20,0.023466997905465803
2012-11-21,0.024650198295068648
2012-11-22,0.013759940643032209
2012-11-23,0.014816363254324116
2012-11-26,0.004091101821900978
2012-11-27,0.028900962682394393
2012-11-28,0.026005447131867143
2012-11-29,0.022953688173089404
2012-11-30,0.051217787381997226
2012-12-03,0.035682541656981925
2012-12-04,0.030459734419773454
2012-12-05,0.027953495148231866
2012-12-06,0.006548485550839089
2012-12-07,0.006774307092266341
2012-12-10,0.03237144948231041
2012-12-11,0.02834603796769919
2012-12-12,0.019104266906483147
2012-12-13,0.016357085826797402
2012-12-14,0.022124250180938887
2012-12-17,0.005721846939163555
2012-12-18,0.014150068700992335
2012-12-19,0.009248769200695506
2012-12-20,-0.0004969313193310398
2012-12-21,-0.011173004074789716
2012-12-24,-0.011586717176882644
2012-12-25,-0.00980414530351581
2012-12-26,-0.00829581525682066
2012-12-27,-0.008272205953751666
2012-12-28,-0.010497186958232874
2012-12-31,-0.015970943497991996
2013-01-01,-0.013513875267531006
2013-01-02,0.020126798914308353
2013-01-03,0.007481195346851877
2013-01-04,-0.0010742601065611979
2013-01-07,-0.008230787848390264
2013-01-08,-0.0012588673804554418
2013-01-09,0.010014258924416097
2013-01-10,0.0014531525650518518
2013-01-11,0.009965913065704157
2013-01-14,-0.007850308646391468
2013-01-15,0.005404877267936925
2013-01-16,-0.00026898130363584016
2013-01-17,0.009622512000243333
2013-01-18,0.005823364975052314
2013-01-21,-0.002506281472610894
2013-01-22,-0.0033904679246372638
2013-01-23,0.005399178987175901
2013-01-24,-0.0028202271824682157
2013-01-25,-0.0027770213755324846
2013-01-28,0.00953356940020278
2013-01-29,0.018858845196678686
2013-01-30,0.0401232322265912
2013-01-31,0.03205347988520302
2013-02-01,0.040722681950398965
2013-02-04,0.038912780401254565
2013-02-05,0.03174651069105394
2013-02-06,0.009523171205639613
2013-02-07,0.0010076176760733802
2013-02-08,0.007578577681909948
2013-02-11,-0.0008509247579198131
2013-02-12,0.008673525561293971
2013-02-13,0.007709020127824928
2013-02-14,0.0010275135181867512
2013-02-15,0.006688453171417308
2013-02-18,-0.01885894216099082
2013-02-19,-0.03846772853446012
2013-02-20,-0.04326616813591144
2013-02-21,-0.0633975208061841
2013-02-22,-0.036233440773136394
2013-02-25,-0.0443503170091013
2013-02-26,-0.04065954175649367
2013-02-27,-0.030357280987296065
2013-02-28,-0.03195646406984132
2013-03-01,-0.026835465225138577
2013-03-04,-0.029434089613141978
2013-03-05,-0.013079132497955115
2013-03-06,-0.020268262754095545
2013-03-07,-0.010851699176971152
2013-03-08,-0.004806153537330715
2013-03-11,0.003964742722551762
2013-03-12,0.010114635354209867
2013-03-13,0.004283572235351585
2013-03-14,0.017421461372547853
2013-03-15,-0.00138974422132776
2013-03-18,-0.016340118026654693
2013-03-19,-0.017313226805386606
2013-03-20,-0.0002818115764657847
2013-03-21,0.0037180730484038804
2013-03-22,0.015946592644141333
2013-03-25,0.004455659701829262
2013-03-26,-0.005997799338935295
2013-03-27,-0.0013358184056322386
2013-03-28,-0.010917525491198177
2013-03-29,-0.009237906184861089
2013-04-01,-0.007816689848729297
2013-04-02,-0.02114723894464099
2013-04-03,-0.03223220356830048
2013-04-04,-0.0276693138674311
2013-04-05,-0.03131656755739165
2013-04-08,-0.021185749108786567
2013-04-09,-0.009704344565488299
2013-04-10,-0.01630103135361871
2013-04-11,-0.002170510922910651
2013-04-12,-0.02390244301455091
2013-04-15,-0.028738480530577704
2013-04-16,-0.023884055933571346
2013-04-17,-0.03544715656565778
2013-04-18,-0.02299627869795806
2013-04-19,-0.040626828784878555
2013-04-22,-0.027233611636521715
2013-04-23,-0.032515639165627164
2013-04-24,-0.01959879213518967
2013-04-25,-0.008549462484058523
2013-04-26,-0.01895062308636497
2013-04-29,0.00046543563661138876
2013-04-30,-0.005797667751430424
2013-05-01,-0.03679098011673432
2013-05-02,-0.03937312058357989
2013-05-03,-0.002309895979271559
2013-05-06,-0.001954527367075798
2013-05-07,-0.0033165867437823238
2013-05-08,0.008833890893111374
2013-05-09,0.0008826138583675203
2013-05-10,0.0049352354848686275
2013-05-13,-0.00037400250010044545
2013-05-14,-0.010081230773671734
2013-05-15,-0.020147608915090487
2013-05-16,-0.017162105968727914
2013-05-17,-0.018812777238013112
2013-05-20,0.000554099067043623
2013-05-21,-0.001699654101210868
2013-05-22,0.0043228769459524585
2013-05-23,-0.009495242591020414
2013-05-24,-0.015864751428757984
2013-05-27,-0.01342402043971802
2013-05-28,-0.007577471150103321
2013-05-29,-0.009905966112507159
2013-05-30,-0.009157245107951795
2013-05-31,-0.0063419845985848156
2013-06-03,0.0149228748915462
2013-06-04,0.019070405865168283
2013-06-05,0.01106401831165904
2013-06-06,0.0022314672234369226
2013-06-07,0.000223256767251101
2013-06-10,-0.00878441485475534
2013-06-11,-0.028299595649521336
2013-06-12,-0.03938910539897478
2013-06-13,-0.04596872192952617
2013-06-14,-0.02292616457588359
2013-06-17,-0.02159840971200566
2013-06-18,-0.026649557253859868
2013-06-19,-0.019579345542778626
2013-06-20,-0.0469360833875907
2013-06-21,-0.016595169949225053
2013-06-24,-0.04126989755944699
2013-06-25,-0.016468286652976616
2013-06-26,-0.03429218447052307
2013-06-27,-0.013464688575874462
2013-06-28,-0.019970197345566376
2013-07-01,-0.0014116963144594763
2013-07-02,0.0033299794341772326
2013-07-03,-0.00876947774930592
2013-07-04,-0.009110637941596167
2013-07-05,-0.0403557215157786
2013-07-08,-0.02625457806713527
2013-07-09,-0.028829997909216587
2013-07-10,-0.0038934057704587133
2013-07-11,-0.0041985807667046515
2013-07-12,0.005245131385018809
2013-07-15,-0.012477812970892899
2013-07-16,0.006033634045563119
2013-07-17,0.017369585266788334
2013-07-18,0.016582481347283462
2013-07-19,0.02393504254341572
2013-07-22,0.014650835078315438
2013-07-23,0.016015227504867724
2013-07-24,0.02781287144481226
2013-07-25,0.011556098283378446
2013-07-26,-0.009617210428588763
2013-07-29,-0.01743018998784507
2013-07-30,-0.025998340577684687
2013-07-31,-7.580287904040972e-05
2013-08-01,0.0011917122059621477
2013-08-02,0.007533228466114039
2013-08-05,-0.0017436930245846582
2013-08-06,-0.010012707093773443
2013-08-07,0.006541228224309137
2013-08-08,0.026959167607060408
2013-08-09,0.043388321366657934
2013-08-12,0.03928654326928083
2013-08-13,0.03405043668671581
2013-08-14,0.03773472850355297
2013-08-15,0.022169717526226762
2013-08-16,0.03446259337024671
2013-08-19,0.01815000350994822
2013-08-20,0.012452862851466406
2013-08-21,-0.008989335040643809
2013-08-22,-0.007105302690286308
2013-08-23,-0.00034440878284769383
2013-08-26,-0.0002914228162556043
2013-08-27,-0.006297494049952945
2013-08-28,-0.020077838229157763
2013-08-29,-0.023190984967564887
2013-08-30,-0.03646986809887309
2013-09-02,-0.03400915354088596
2013-09-03,-0.03200089556515273
2013-09-04,-0.02822762107057919
2013-09-05,-0.020842528046154385
2013-09-06,-0.0018861365475881797
2013-09-09,-0.005376162423081254
2013-09-10,-0.015744338682452508
2013-09-11,-0.008013592502956968
2013-09-12,-0.00910683443696847
2013-09-13,-0.0017875778856168978
2013-09-16,-0.0022175025902431145
2013-09-17,-0.004394391045256185
2013-09-18,0.002532254629851849
2013-09-19,0.030569084059957063
2013-09-20,0.003977772001173108
2013-09-23,-0.0019520148489622358
2013-09-24,-0.013995569539567043
2013-09-25,-0.007061600684401981
2013-09-26,-0.0060059580661135925
2013-09-27,0.004825413995822814
2013-09-30,0.002135201806582998
2013-10-01,-0.011088482852729342
2013-10-02,-0.009444440643145313
2013-10-03,-0.022030382248207303
2013-10-04,0.01370072000735334
2013-10-07,0.006003311347859253
2013-10-08,0.0018427833043777042
2013-10-09,-0.01328671918341584
2013-10-10,-0.005563598212138032
2013-10-11,0.005896102975759376
2013-10-14,0.010317356673830602
2013-10-15,0.008972852425278788
2013-10-16,0.014903818054413875
2013-10-17,0.005542230259203862
2013-10-18,0.016707343698319832
2013-10-21,0.023830867402990563
2013-10-22,0.04919734693196709
2013-10-23,0.024427806095468796
2013-10-24,0.02572760944426733
2013-10-25,0.017527551590832857
2013-10-28,0.015005752140750062
2013-10-29,0.01351218381588204
2013-10-30,0.01994391717770938
2013-10-31,0.009237444963115848
2013-11-01,0.005371439494542329
2013-11-04,-0.00772718548111051
2013-11-05,-0.008196120381336769
2013-11-06,-0.02091756036227821
2013-11-07,-0.024231644933960794
2013-11-08,-0.025619371041790018
2013-11-11,-0.03200300270251333
2013-11-12,-0.03490679991539025
2013-11-13,-0.02676382884680173
2013-11-14,-0.02414057355661292
2013-11-15,-0.009298882871457081
2013-11-18,-0.02277456616586626
2013-11-19,-0.01670829207710689
2013-11-20,-0.0203385780575136
2013-11-21,-0.02350363380185172
2013-11-22,-0.011568672739823427
2013-11-25,-0.010871386706620356
2013-11-26,-0.01474289105208726
2013-11-27,-0.023352797834574446
2013-11-28,-0.012270372438495158
2013-11-29,-0.0029586489136388394
2013-12-02,-0.002566380885738795
2013-12-03,-0.005828285003932621
2013-12-04,0.007611649369568596
2013-12-05,0.012643218642049092
2013-12-06,0.011377625716914253
2013-12-09,0.02133994163530417
2013-12-10,0.016715997186983245
2013-12-11,0.02019186873475931
2013-12-12,0.016024913219597536
2013-12-13,0.019029634264782658
2013-12-16,0.012025450209922184
2013-12-17,0.011838568285707396
2013-12-18,0.01477702864904451
2013-12-19,0.015412572798080504
2013-12-20,0.026642882013561575
2013-12-23,0.015324998390253697
2013-12-24,0.004606624401601422
2013-12-25,0.003897912955201477
2013-12-26,0.0032982340390166343
2013-12-27,0.0051281736884707385
2013-12-30,-0.00034197111196121455
2013-12-31,-0.014123246172953685
2014-01-01,-0.011950439069423169
2014-01-02,-0.003288051658431712
2014-01-03,-0.012578191364742253
2014-01-06,-0.028479059863681044
2014-01-07,-0.026829374614230517
2014-01-08,-0.021978744706061093
2014-01-09,-0.02950831943335608
2014-01-10,0.00707517745693842
2014-01-13,0.02738186579112245
2014-01-14,0.03090327694661177
2014-01-15,0.03767740706726741
2014-01-16,0.04135014357695965
2014-01-17,0.0348730355942557
2014-01-20,0.02091335804742478
2014-01-21,0.028079727983747915
2014-01-22,0.027786068587682067
2014-01-23,0.016250099750800828
2014-01-24,0.003267659064027484
2014-01-27,-0.017696757552334574
2014-01-28,-0.015754958172012223
2014-01-29,-0.022574831707203202
2014-01-30,-0.02964617592379959
2014-01-31,-0.014601580351669696
2014-02-03,-0.018544089552930743
2014-02-04,-0.01752908669313591
2014-02-05,-0.020246722778496817
2014-02-06,-0.00302257528605665
2014-02-07,0.007099764564891586
2014-02-10,0.009839772388708923
2014-02-11,0.005902864316233547
2014-02-12,0.019017896140288926
2014-02-13,2.9324784083684108e-05
2014-02-14,0.008153786411311259
2014-02-17,0.014391031422604783
2014-02-18,0.016352958539396667
2014-02-19,0.01688252625972453
2014-02-20,0.005559024156587711
2014-02-21,0.004762853879144657
2014-02-24,0.002019607509081922
2014-02-25,1.993869640415369e-05
2014-02-26,-0.004861481292996572
2014-02-27,0.009675172620863037
2014-02-28,0.02429220495131368
2014-03-03,0.020727703500961425
2014-03-04,0.04155164580774695
2014-03-05,0.04196001547376227
2014-03-06,0.04661897760568934
2014-03-07,0.029774817638118733
2014-03-10,0.03368712125901929
2014-03-11,0.033756040747471516
2014-03-12,0.03386325953259295
2014-03-13,0.03561579684541982
2014-03-14,0.02801066431094057
2014-03-17,0.03137199149714753
2014-03-18,0.0430963575681762
2014-03-19,0.04350595570243598
2014-03-20,0.011351081197071622
2014-03-21,0.023326977602625476
2014-03-24,0.020185668562914927
2014-03-25,0.02143707332770539
2014-03-26,0.0024441426127417287
2014-03-27,-0.008208254525110092
2014-03-28,-0.0071344312505434715
2014-03-31,0.0042418303130560275
2014-04-01,0.01041706308531154
2014-04-02,0.017213513629386057
2014-04-03,0.020231481585884836
2014-04-04,0.021505660692126227
2014-04-07,0.019206194792143805
2014-04-08,0.01854971059823285
2014-04-09,0.028086487118141434
2014-04-10,0.04296224849743702
2014-04-11,0.05210513993442234
2014-04-14,0.06287520284474013
2014-04-15,0.04697823503710552
2014-04-16,0.04921208640416097
2014-04-17,0.0449607386613291
2014-04-18,0.03804370194420059
2014-04-21,0.032190824722015066
2014-04-22,0.04628648941109148
2014-04-23,0.04166084032787154
2014-04-24,0.03405093437343787
2014-04-25,0.033420519573834184
2014-04-28,0.01591863670173943
2014-04-29,0.012396378784794493
2014-04-30,0.01866740043576698
2014-05-01,0.014036432676746813
2014-05-02,0.011204796131066175
2014-05-05,0.009480981341672745
2014-05-06,0.020886189282105505
2014-05-07,0.022205561541852603
2014-05-08,0.052544664941272856
2014-05-09,0.06571390293511925
2014-05-12,0.0975253936695033
2014-05-13,0.08535278831318394
2014-05-14,0.03186380903027519
2014-05-15,-0.02874687950976451
2014-05-16,-0.01204225694424288
2014-05-19,0.037461588599837725
2014-05-20,0.021267495473884068
2014-05-21,0.0030167222842365504
2014-05-22,0.011709181319103479
2014-05-23,0.00555779671774026
2014-05-26,0.004702751068858646
2014-05-27,0.001644316227807252
2014-05-28,-0.009591028934137213
2014-05-29,-0.026607753273347967
2014-05-30,-0.007582522813102344
2014-06-02,-0.002504597124348251
2014-06-03,-0.014575279793161755
2014-06-04,-0.01456070625267003
2014-06-05,-0.012008355473408727
2014-06-06,-0.017461762189778796
2014-06-09,-0.013831194807027103
2014-06-10,-0.017927055875668785
2014-06-11,-0.037087555699899966
2014-06-12,-0.045764607969136506
2014-06-13,-0.035328716334475985
2014-06-16,-0.002983657059296263
2014-06-17,0.01885709775451261
2014-06-18,-0.0010605816814912572
2014-06-19,-0.009329624970057182
2014-06-20,-0.014701094690407146
2014-06-23,-0.011331856444597221
2014-06-24,-0.02330354842115412
2014-06-25,0.0010233048707455339
2014-06-26,0.01154604596423603
2014-06-27,0.015261625205845064
2014-06-30,0.01787962499818363
2014-07-01,0.018378988791390327
2014-07-02,0.038002285548081716
2014-07-03,0.042734453524309046
2014-07-04,0.01554764337169523
2014-07-07,0.009931081183871981
2014-07-08,0.027740998892495483
2014-07-09,0.01270719649446228
2014-07-10,-0.0008138794968992613
2014-07-11,0.004851252996266098
2014-07-14,0.002459908300940228
2014-07-15,0.0009610326668560987
2014-07-16,-0.00011063938319644251
2014-07-17,-0.004285455855024267
2014-07-18,-0.02792447497168915
2014-07-21,-0.016217978979552683
2014-07-22,-0.0013589571336591888
2014-07-23,-0.0032872022929630873
2014-07-24,0.0023301744468504637
2014-07-25,0.004140347898353269
2014-07-28,-0.01459041533820482
2014-07-29,-0.019374197256349035
2014-07-30,-0.0021258523295824006
2014-07-31,-0.022809523255968855
2014-08-01,-0.023971891609228635
2014-08-04,-0.01620926787598087
2014-08-05,-0.017559445386408967
2014-08-06,-0.0004927949558073408
2014-08-07,0.007394629090365257
2014-08-08,-0.00934744340438165
2014-08-11,-0.0040267762995274126
2014-08-12,0.0010698027906670404
2014-08-13,-0.00786659986256133
2014-08-14,-0.0010865284371011086
2014-08-15,-0.0014200664466379465
2014-08-18,-0.009230309378340351
2014-08-19,-0.005217194688901472
2014-08-20,0.01380933335357959
2014-08-21,0.006240693840952716
2014-08-22,0.0017524908958854724
2014-08-25,0.0014828769119041851
2014-08-26,0.01009240913945142
2014-08-27,0.003974606564936423
2014-08-28,-0.0055909638785855975
2014-08-29,0.0021688194754165835
2014-09-01,-0.0007002750361593257
2014-09-02,-0.009160337163148569
2014-09-03,0.016005679006946494
2014-09-04,0.027588736178129736
2014-09-05,0.03104054091129349
2014-09-08,0.041429333621819
2014-09-09,-0.008983964298113989
2014-09-10,-0.016292200331905704
2014-09-11,-0.0281094135674671
2014-09-12,-0.02484705464786252
2014-09-15,-0.03721322980011088
2014-09-16,-0.02918322472507562
2014-09-17,-0.025586486683636167
2014-09-18,-0.02958728382080089
2014-09-19,-0.03134831533647109
2014-09-22,-0.06295031182632371
2014-09-23,-0.04808916173572264
2014-09-24,-0.026982750913566278
2014-09-25,-0.02632973485819079
2014-09-26,-0.039364600040130426
2014-09-29,-0.048705939008945265
2014-09-30,-0.06014542864473427
2014-10-01,-0.0625378714045226
2014-10-02,-0.0564365172906065
2014-10-03,-0.020330467120730944
2014-10-06,-0.009560647166797054
2014-10-07,0.004537356304957996
2014-10-08,-0.017380378384679318
2014-10-09,-0.007412550708428611
2014-10-10,-0.021779476668235986
2014-10-13,-0.01480300074015517
2014-10-14,-0.017710080769765213
2014-10-15,-0.04236154120263613
2014-10-16,-0.05551568129347473
2014-10-17,-0.03393623526438283
2014-10-20,-0.04693754911715686
2014-10-21,-0.04343063403564251
2014-10-22,-0.0416523133751987
2014-10-23,-0.03871601501857924
2014-10-24,-0.04014235891854945
2014-10-27,-0.04674157006392754
2014-10-28,0.0029775587886202715
2014-10-29,0.009268709487255222
2014-10-30,0.013516039624525078
2014-10-31,0.011813518891809593
2014-11-03,0.00816396873026548
2014-11-04,-0.018777340257273067
2014-11-05,-0.013417670513481639
2014-11-06,-0.0016237567166523803
2014-11-07,-0.0052744206063319865
2014-11-10,-0.01454426361538097
2014-11-11,-0.002418134880128875
2014-11-12,0.007973165267015858
2014-11-13,-0.004457709469974702
2014-11-14,0.006533798745282482
2014-11-17,0.01705506306068827
2014-11-18,0.00671013139388954
2014-11-19,0.032162317047152555
2014-11-20,0.03818240577507481
2014-11-21,0.04605118918718354
2014-11-24,0.04016536091123868
2014-11-25,0.02751190990508512
2014-11-26,0.014240496773512135
2014-11-27,0.012413063516829581
2014-11-28,0.006392905769313728
2014-12-01,0.006347699374515514
2014-12-02,0.0068806788879189895
2014-12-03,0.01923702802992011
2014-12-04,0.04273375790335088
2014-12-05,0.02000585063687943
2014-12-08,0.010659534567068363
2014-12-09,0.001908382925947194
2014-12-10,-0.009581753977574436
2014-12-11,-0.010375274824694358
2014-12-12,0.011745373886398625
2014-12-15,-0.0019133413786782683
2014-12-16,-0.025141503609972915
2014-12-17,-0.041433212877223013
2014-12-18,-0.03359122334365239
2014-12-19,-0.030979782968101333
2014-12-22,-0.02371153437533735
2014-12-23,-0.031216793564885492
2014-12-24,-0.03276695349328662
2014-12-25,-0.027725883725089773
2014-12-26,-0.023460363151999175
2014-12-29,-0.0363122077578133
2014-12-30,-0.02886200071002598
2014-12-31,-0.020201184809359063
2015-01-01,-0.01709331022330396
2015-01-02,-0.0325049457701283
2015-01-05,-0.006548899136763708
2015-01-06,-0.0019130432919869378
2015-01-07,0.014491617729927242
2015-01-08,0.012426073727489495
2015-01-09,-0.0032848412989725517
2015-01-12,-0.014326572964460382
2015-01-13,-0.03749700104338949
2015-01-14,-0.05192463364489441
2015-01-15,-0.0337484184052137
2015-01-16,-0.010636756453227036
2015-01-19,-0.02671448514305297
2015-01-20,-0.004947889012798967
2015-01-21,0.010090773020255739
2015-01-22,-0.001667876444836125
2015-01-23,-0.03044839227919205
2015-01-26,-0.0024666833643269825
2015-01-27,0.0001272301529180453
2015-01-28,0.015053484291952302
2015-01-29,0.0044004463246132275
2015-01-30,0.018582021096658963
2015-02-02,0.0249137009889715
2015-02-03,0.020055333940447895
2015-02-04,0.0066179831455475124
2015-02-05,0.008556479484852275
2015-02-06,0.010381580515446132
2015-02-09,0.004299007991447112
2015-02-10,-0.015290311238221221
2015-02-11,-0.01720388829998143
2015-02-12,-0.01700862924878699
2015-02-13,-0.017806983218740413
2015-02-16,-0.017797821529766722
2015-02-17,-0.036479471804524266
2015-02-18,-0.029912925211387886
2015-02-19,-0.041378774404687846
2015-02-20,-0.03677651718487951
2015-02-23,-0.02086168887645279
2015-02-24,-0.004344521913372645
2015-02-25,-0.0016654235334243594
2015-02-26,-0.0015568882438419251
2015-02-27,-0.018354697301134593
2015-03-02,-0.03033794173815174
2015-03-03,-0.03672308301222316
2015-03-04,-0.014822588158946104
2015-03-05,0.003222856941491159
2015-03-06,0.012928410089635634
2015-03-09,0.018942607799196765
2015-03-10,-0.011049445026863225
2015-03-11,-0.026145513516603103
2015-03-12,-0.01408053742527926
2015-03-13,0.0021141013693704025
2015-03-16,-0.010835344879779996
2015-03-17,-0.02105529267353745
2015-03-18,-0.03100261112070868
2015-03-19,-0.009527426368551417
2015-03-20,0.02073720017341607
2015-03-23,0.02060795580407415
2015-03-24,-0.0038308600199421505
2015-03-25,-0.020357824843125982
2015-03-26,-0.016109062565982768
2015-03-27,-0.039697366949349444
2015-03-30,-0.06012233852154658
2015-03-31,-0.08352787769380221
2015-04-01,-0.04901298003927579
2015-04-02,-0.020479330332893397
2015-04-03,-0.017328664127832738
2015-04-06,-0.014662715800472625
2015-04-07,-0.04436611592620032
2015-04-08,-0.035612908700018764
2015-04-09,-0.03294239050005743
2015-04-10,-0.02122376225613465
2015-04-13,-0.033227617835361656
2015-04-14,-0.01523751186581812
2015-04-15,-0.0069119436694080605
2015-04-16,0.0049975743295949115
2015-04-17,-0.01513170253240581
2015-04-20,0.003443494285836124
2015-04-21,-0.005288152624466136
2015-04-22,-0.004575105898991794
2015-04-23,-0.0017629272953918473
2015-04-24,0.03128872578217745
2015-04-27,0.04918942428265893
2015-04-28,0.03495965230509235
2015-04-29,0.028381518444176024
2015-04-30,0.05649437023035553
2015-05-01,0.035151814627541356
2015-05-04,0.029743843146382787
2015-05-05,0.058423468606115136
2015-05-06,0.029772766533834982
2015-05-07,0.035365811051173424
2015-05-08,0.03953260651500834
2015-05-11,0.03232250134058745
2015-05-12,0.03191257391155311
2015-05-13,0.008843929672686102
2015-05-14,-0.009286027667100072
2015-05-15,0.00452309165151199
2015-05-18,-0.010248628186364073
2015-05-19,-0.05064117354788422
2015-05-20,-0.041489482905282316
2015-05-21,-0.04238918866219876
2015-05-22,-0.05522173354090576
2015-05-25,-0.046726082226919985
2015-05-26,-0.042113776242176826
2015-05-27,-0.0256079523336723
2015-05-28,-0.02226454696075919
2015-05-29,-0.030786702351147
2015-06-01,-0.0016030375363822458
2015-06-02,0.002812800322990583
2015-06-03,-0.0011037325370786277
2015-06-04,-0.00390810931459562
2015-06-05,0.01117097700338654
2015-06-08,0.026025399661854465
2015-06-09,0.02548611339197393
2015-06-10,0.028046742711174133
2015-06-11,0.005061537571231511
2015-06-12,-0.006919983148748088
2015-06-15,-0.01743778625478143
2015-06-16,-0.02995978594344173
2015-06-17,-0.023385073061563233
2015-06-18,-0.022019746926003947
2015-06-19,-0.019266229193414475
2015-06-22,-0.03688382217080566
2015-06-23,-0.0009341811388523524
2015-06-24,-0.006885789662296915
2015-06-25,-0.010560643852265628
2015-06-26,-0.025990272902044254
2015-06-29,-0.06499170181320935
2015-06-30,-0.04464779835566013
2015-07-01,-0.03427603773155674
2015-07-02,-0.016733898770461053
2015-07-03,-0.02819566826718578
2015-07-06,-0.045503849529692886
2015-07-07,-0.11846816688438189
2015-07-08,-0.07593783676786714
2015-07-09,-0.023166817114294247
2015-07-10,-0.03734797074660534
2015-07-13,0.004915687523068257
2015-07-14,-0.005320877908923549
2015-07-15,-0.015273027640981596
2015-07-16,-0.0016048532494821188
2015-07-17,-0.010865605595187233
2015-07-20,0.005118488646134622
2015-07-21,0.0024414807016803763
2015-07-22,-0.013204370880648852
2015-07-23,-0.013992702591805184
2015-07-24,-0.02174624716312401
2015-07-27,-0.03891472657101325
2015-07-28,-0.010423236189980756
2015-07-29,-0.014541008127741506
2015-07-30,-0.029395445358810335
2015-07-31,-0.02367921467545564
2015-08-03,-0.04324993870804583
2015-08-04,-0.029976872561169543
2015-08-05,-0.022856992762001482
2015-08-06,-0.019653632746257088
2015-08-07,-0.0205928864929934
2015-08-10,0.009666870742114142
2015-08-11,-0.022537946039802748
2015-08-12,-0.03116380218993342
2015-08-13,-0.0371351915138014
2015-08-14,-0.01997541669512337
2015-08-17,-0.01490295086989768
2015-08-18,-0.03453899879499467
2015-08-19,-0.024402506878049124
2015-08-20,-0.021545358871151166
2015-08-21,-0.034875793806135036
2015-08-24,-0.08897138812513994
2015-08-25,-0.0662260243511863
2015-08-26,-0.05975521238747561
2015-08-27,-0.007918929075673375
2015-08-28,-0.0065319413360764855
2015-08-31,-0.005527027284372821
2015-09-01,-0.030711637198473696
2015-09-02,-0.01651649388400145
2015-09-03,-0.0022317696297147194
2015-09-04,-0.006353173840771831
2015-09-07,-0.022298972895391955
2015-09-08,0.002434778917349334
2015-09-09,0.010332717240125078
2015-09-10,0.037360392222652195
2015-09-11,0.01942519610369864
2015-09-14,-0.01567805582373971
2015-09-15,0.0015363498662814834
2015-09-16,0.0038608488585811784
2015-09-17,-0.00804235422577193
2015-09-18,-0.03400104980152818
2015-09-21,-0.01269214737658153
2015-09-22,-0.025852903222043366
2015-09-23,-0.016285150184081942
2015-09-24,-0.00030594546927176225
2015-09-25,0.0034176423011782475
2015-09-28,-0.003445126585114977
2015-09-29,-0.0030870371824249787
2015-09-30,0.04123900369330791
2015-10-01,0.0057454374673628905
2015-10-02,0.0031276449178818666
2015-10-05,-0.004751737703509562
2015-10-06,-0.003081715684773556
2015-10-07,0.015372099193697863
2015-10-08,0.013591607761190616
2015-10-09,0.03820053947764279
2015-10-12,0.04444778417913753
2015-10-13,0.023582805536001672
2015-10-14,0.020157290100595304
2015-10-15,0.024076893065803517
2015-10-16,0.022439605484009917
2015-10-19,0.0022072384756324226
2015-10-20,0.003460750764185505
2015-10-21,-0.007047064354033239
2015-10-22,0.007108378281920125
2015-10-23,0.012778054632564206
2015-10-26,0.006079534821070709
2015-10-27,0.014583228933194192
2015-10-28,0.015382801267769253
2015-10-29,-0.0048373266777801405
2015-10-30,-0.030462421888284297
2015-11-02,-0.02094659663015186
2015-11-03,-0.036866120752286236
2015-11-04,-0.03484301802779832
2015-11-05,-0.03505008527388931
2015-11-06,-0.04455391652289009
2015-11-09,-0.04229525936315959
2015-11-10,-0.04250578024772089
2015-11-11,-0.02236458508089534
2015-11-12,-0.04119002726143961
2015-11-13,-0.03363564467151292
2015-11-16,-0.039162123467363585
2015-11-17,-0.051916251206245434
2015-11-18,-0.05600550546613192
2015-11-19,-0.050043727625777024
2015-11-20,-0.06335001623975423
2015-11-23,-0.09612005959442804
2015-11-24,-0.034689399404511434
2015-11-25,-0.015946824363794576
2015-11-26,0.013713379786949531
2015-11-27,-0.028379581207659044
2015-11-30,-0.012238804170561224
2015-12-01,-0.0028484322948205687
2015-12-02,-0.002457518784719781
2015-12-03,-0.014517845701087495
2015-12-04,0.0003905835223783072
2015-12-07,-0.020884922118906246
2015-12-08,-0.02429311783813759
2015-12-09,-0.022121217568408014
2015-12-10,-0.033836185643473016
2015-12-11,-0.011898008518016923
2015-12-14,-0.004951285006805861
2015-12-15,-0.0241462369804335
2015-12-16,-0.0007176744169488103
2015-12-17,-0.012301482654070384
2015-12-18,0.0029358316251855143
2015-12-21,0.01442711881333203
2015-12-22,-0.012046143238347184
2015-12-23,-0.0068532574746029695
2015-12-24,-0.008941728835480944
2015-12-25,-0.007566078245407226
2015-12-28,-0.006402066207652268
2015-12-29,0.005094837511430583
2015-12-30,-0.00022000398272048471
2015-12-31,0.01140949279978365
2016-01-01,0.009654186215200866
2016-01-04,-0.022746481870306923
2016-01-05,-0.017150481340616253
2016-01-06,-0.00593054234030177
2016-01-07,-0.015196448411080254
2016-01-08,-0.007332163891440757
2016-01-11,-0.03559023856840149
2016-01-12,-0.033615793436499786
2016-01-13,-0.012600006519884133
2016-01-14,0.008066971699028258
2016-01-15,-0.011497637133837557
2016-01-18,0.01012868506288278
2016-01-19,0.009064645710417096
2016-01-20,0.0032116794493237677
2016-01-21,0.021675671587356504
2016-01-22,0.014666091107329748
2016-01-25,-0.002774134176176446
2016-01-26,0.009145667862656026
2016-01-27,0.006267581433883507
2016-01-28,-0.001348267970282535
2016-01-29,0.0018218844491322272
2016-02-01,-0.014757657228948062
2016-02-02,-0.018311252420700086
2016-02-03,-0.003511707667421149
2016-02-04,-0.0003564363531616266
2016-02-05,-0.03954155122042735
2016-02-08,-0.027592057692936933
2016-02-09,-0.03611773142702468
2016-02-10,-0.052966212700020776
2016-02-11,-0.07596178249537999
2016-02-12,-0.03913858615927701
2016-02-15,0.015123822810840792
2016-02-16,0.02101694028792167
2016-02-17,0.0232530964354698
2016-02-18,0.01415535603721274
2016-02-19,0.035132517236577954
2016-02-22,0.04874410664876905
2016-02-23,0.025288120054227647
2016-02-24,0.012234949234427361
2016-02-25,-0.007563493337599425
2016-02-26,0.008423191553429632
2016-02-29,0.009722269603162914
2016-03-01,0.024267145665954004
2016-03-02,0.02482523181515006
2016-03-03,0.04736922413140299
2016-03-04,0.07189264859683853
2016-03-07,0.06468344730406983
2016-03-08,-0.021172638089213436
2016-03-09,0.011436256777535903
2016-03-10,-0.0031242374603657197
2016-03-11,0.004358440870170455
2016-03-14,-0.018086353295702295
2016-03-15,-0.02079884439602253
2016-03-16,-0.01319028391612953
2016-03-17,0.017450804290026767
2016-03-18,-0.008084720777196353
2016-03-21,0.003644394361357328
2016-03-22,0.005068575335839043
2016-03-23,-0.004557793420872258
2016-03-24,-0.0083885005673352
2016-03-25,-0.0070979620185145365
2016-03-28,-0.0060059678618191725
2016-03-29,-0.02539133607106514
2016-03-30,-0.023676662096791645
2016-03-31,-0.013776409454234084
2016-04-01,-0.028907938185298576
2016-04-04,-0.019822416358385553
2016-04-05,-0.004811237919238209
2016-04-06,0.006635806207434314
2016-04-07,-0.014313181544997278
2016-04-08,0.003948235424994451
2016-04-11,0.004731616646521886
2016-04-12,0.0337733405033962
2016-04-13,0.040306801201730025
2016-04-14,0.034814288004707095
2016-04-15,0.021917434236726763
2016-04-18,0.039622832733787305
2016-04-19,0.04575188185491541
2016-04-20,0.044009314181232995
2016-04-21,0.016318730296370987
2016-04-22,0.012921275999230986
2016-04-25,0.014359068962605193
2016-04-26,0.017736399653937696
2016-04-27,0.015931370781235188
2016-04-28,0.022205123669753135
2016-04-29,0.03220441865913415
2016-05-02,0.027249892711575185
2016-05-03,0.02930710176303819
2016-05-04,0.017964067924324922
2016-05-05,-0.02379640653022541
2016-05-06,-0.01585846565492588
2016-05-09,-0.05795896460196737
2016-05-10,-0.03863058825286991
2016-05-11,-0.01575000663144266
2016-05-12,-0.0379871270654224
2016-05-13,-0.03120756896010235
2016-05-16,-0.018375252671223308
2016-05-17,-0.008293037863506214
2016-05-18,-0.02286962094601286
2016-05-19,-0.027489634733703028
2016-05-20,-0.028571457814543066
2016-05-23,-0.04148537955070175
2016-05-24,-0.028136652376334226
2016-05-25,-0.028836267445731423
2016-05-26,-0.019523523239184826
2016-05-27,-0.013890210553833882
2016-05-30,-0.011753255084013148
2016-05-31,-0.008986247335023734
2016-06-01,-0.0032021230555763225
2016-06-02,-0.0030607773347988143
2016-06-03,6.6246920161106e-05
2016-06-06,0.01643381751654971
2016-06-07,0.006016394135871295
2016-06-08,0.04166504917464309
2016-06-09,0.032903392052466174
2016-06-10,0.026722599960045557
2016-06-13,0.018624354743680627
2016-06-14,0.015495786960684654
2016-06-15,0.0283189190338895
2016-06-16,0.007437420555969965
2016-06-17,0.02479065965106564
2016-06-20,0.04141721223982309
2016-06-21,0.026391777998592048
2016-06-22,0.025909522536256446
2016-06-23,0.021531752248543867
2016-06-24,-0.0009869924921055429
2016-06-27,-0.004615579767044409
2016-06-28,0.029570848644212333
2016-06-29,0.034167717040245904
2016-06-30,0.029496391679801448
2016-07-01,0.07098238547093949
2016-07-04,0.07894395568585821
2016-07-05,0.024801711444032648
2016-07-06,0.04516600019693584
2016-07-07,0.01816658133732396
2016-07-08,0.026908936312475262
2016-07-11,0.03688300641652198
2016-07-12,0.06786882462030164
2016-07-13,0.045971570348967816
2016-07-14,0.03988354109159786
2016-07-15,0.027100423876291302
2016-07-18,0.04465341381395049
2016-07-19,0.039674415315984035
2016-07-20,0.03517649315084981
2016-07-21,0.04392396343629734
2016-07-22,0.008933286531435769
2016-07-25,0.01260066208152466
2016-07-26,0.0003432701517116499
2016-07-27,0.00045458579669421795
2016-07-28,0.027813515285886936
2016-07-29,0.018395185201510955
2016-08-01,0.023935407160868394
2016-08-02,0.019580119552786712
2016-08-03,0.017280277451961368
2016-08-04,0.004491886673031686
2016-08-05,0.012584406620833377
2016-08-08,0.014641414829442922
2016-08-09,0.01301972970058074
2016-08-10,0.01733848386610326
2016-08-11,0.004873779382981169
2016-08-12,-0.030593352949686903
2016-08-15,-0.009026730526596083
2016-08-16,-0.02881776540047909
2016-08-17,-0.02762305391253861
2016-08-18,-0.012543097607826681
2016-08-19,-0.010079604022971367
2016-08-22,-0.01615696976558567
2016-08-23,-0.013733413264473526
2016-08-24,-0.03456618318746152
2016-08-25,-0.04200587769520148
2016-08-26,-0.03853001617894947
2016-08-29,-0.03260232138218733
2016-08-30,-0.02602704823036106
2016-08-31,-0.02790780096806955
2016-09-01,-0.010940024166909978
2016-09-02,0.0035263670764305033
2016-09-05,0.003913734997478713
2016-09-06,0.006915824794498704
2016-09-07,0.014535579586011593
2016-09-08,0.023713343843347445
2016-09-09,0.02221895830806986
2016-09-12,-0.005514587456840303
2016-09-13,-0.023771293451225972
2016-09-14,-0.0219492019374119
2016-09-15,-0.02949178997286772
2016-09-16,-0.023948124949367156
2016-09-19,0.016325631656485484
2016-09-20,0.02711138850711947
2016-09-21,0.02619128644139579
2016-09-22,0.04760927408909055
2016-09-23,0.04028477038307621
2016-09-26,0.023620585606662914
2016-09-27,0.028018544941206258
2016-09-28,0.028967590228420548
2016-09-29,0.0035790556715689092
2016-09-30,0.014131990193131827
2016-10-03,-0.006609336480019934
2016-10-04,-0.027985891719078282
2016-10-05,-0.0236381919211599
2016-10-06,-0.005491276451202509
2016-10-07,-0.009156857088878922
2016-10-10,0.01877874701023785
2016-10-11,0.008179640760408446
2016-10-12,0.018460150890687643
2016-10-13,0.004794293788130233
2016-10-14,0.008910048349440203
2016-10-17,-0.0084865386731785
2016-10-18,0.002319958042376058
2016-10-19,-0.006341798300470103
2016-10-20,-0.02025071289905611
2016-10-21,-0.03139004078217056
2016-10-24,-0.013901389704772171
2016-10-25,-0.0016120046936194399
2016-10-26,0.001537618880270486
2016-10-27,0.01002861908792596
2016-10-28,0.01389511551757927
2016-10-31,0.01506757674631487
2016-11-01,0.0070552952879321396
2016-11-02,-0.001243346941910417
2016-11-03,0.012057999135429043
2016-11-04,0.008499092949136866
2016-11-07,0.059890315158018126
2016-11-08,0.06050163441255485
2016-11-09,0.07462714091833078
2016-11-10,0.060390137655383924
2016-11-11,0.026414453091380352
2016-11-14,0.026169439642597325
2016-11-15,0.02477995411764411
2016-11-16,0.02352106189820269
2016-11-17,0.01357996289650032
2016-11-18,-0.019262297487349755
2016-11-21,0.025972258177830554
2016-11-22,0.019905842071505475
2016-11-23,0.033689927696663347
2016-11-24,0.027004151793420306
2016-11-25,0.021417778855131075
2016-11-28,0.02317857151775904
2016-11-29,-0.021917029077043182
2016-11-30,-0.005751824195376898
2016-12-01,-0.007838581810654333
2016-12-02,0.011989209508346477
2016-12-05,0.02374205308138677
2016-12-06,0.018371943644845956
2016-12-07,0.00045068754799082456
2016-12-08,-0.02252936346352641
2016-12-09,0.008341222884419963
2016-12-12,-0.005686884727694519
2016-12-13,0.0016124263003600703
2016-12-14,0.0036377169077841387
2016-12-15,-0.005751313269259484
2016-12-16,-0.014701646134840374
2016-12-19,-0.03511327576247325
2016-12-20,-0.026395808489493078
2016-12-21,-0.029842428934358622
2016-12-22,-0.032964719487146965
2016-12-23,-0.05368866934714234
2016-12-26,-0.04542887406296714
2016-12-27,-0.03843981651481876
2016-12-28,-0.05868998277463433
2016-12-29,-0.04730389586311645
2016-12-30,-0.04868631963245562
2017-01-02,-0.041196116612079337
2017-01-03,-0.04420858569058517
2017-01-04,-0.011199296190936181
2017-01-05,-0.0031318544879077592
2017-01-06,-0.006770598649884718
2017-01-09,0.006347961407932701
2017-01-10,0.023530160786364718
2017-01-11,-0.01567700466388544
2017-01-12,-0.00517827488422995
2017-01-13,0.009999087643675963
2017-01-16,-0.0069343501155127996
2017-01-17,-0.014236081128316869
2017-01-18,-0.011084114877142781
2017-01-19,-0.030495195904910233
2017-01-20,-0.04530911301726981
2017-01-23,-0.03776863537705566
2017-01-24,-0.02445449724275761
2017-01-25,-0.029555340670468055
2017-01-26,-0.05058383295112101
2017-01-27,-0.03667176146223561
2017-01-30,-0.013078002403560163
2017-01-31,0.012947966506784425
2017-02-01,0.03569876725766008
2017-02-02,0.04238351356382708
2017-02-03,0.021837090849917473
2017-02-06,0.03703257313501318
2017-02-07,0.023424064389310217
2017-02-08,0.03150767128414955
2017-02-09,0.009430133452518419
2017-02-10,0.039012555465246734
2017-02-13,0.038196100205471595
2017-02-14,0.0350882193529678
2017-02-15,0.04211496118443492
2017-02-16,0.04632625400093282
2017-02-17,0.03781486837477033
2017-02-20,0.039697218806910683
2017-02-21,0.010727113962786916
2017-02-22,0.005543290369994125
2017-02-23,-0.01340274326542179
2017-02-24,0.011069157354505421
2017-02-27,0.023688078899066767
2017-02-28,0.014909572302654439
2017-03-01,0.016324796071234715
2017-03-02,-0.005625932399935252
2017-03-03,0.011705178231997238
2017-03-06,0.017894016863767348
2017-03-07,-0.020152221724140773
2017-03-08,-0.0535269486357155
2017-03-09,-0.04947388365592609
2017-03-10,-0.0632594797751036
2017-03-13,-0.030329560316213033
2017-03-14,-0.02090791345654175
2017-03-15,-0.01994061406420755
2017-03-16,-0.015330993743928545
2017-03-17,-0.00960678959954464
2017-03-20,-0.01631676579001251
2017-03-21,-0.014413844234384854
2017-03-22,-0.024138257833136834
2017-03-23,-0.019384148072663976
2017-03-24,-0.03011599499179951
2017-03-27,-0.03454700450402193
2017-03-28,-0.009834907622590094
2017-03-29,-0.004113490263506492
2017-03-30,0.004663830023938331
2017-03-31,-0.005471208078080991
2017-04-03,-0.019841166523857368
2017-04-04,-0.005642340033642057
2017-04-05,0.021731879422691947
2017-04-06,0.0007328979368779187
2017-04-07,0.009358182541541638
2017-04-10,0.007458607278531204
2017-04-11,-0.02218015917354954
2017-04-12,-0.02772421995040375
2017-04-13,-0.022083254906512195
2017-04-14,-0.01868583107474109
2017-04-17,-0.015811087832473092
2017-04-18,-0.05265547122414738
2017-04-19,-0.04174807082588927
2017-04-20,-0.021878749106292616
2017-04-21,-0.0311624134067241
2017-04-24,-0.03446323544653396
2017-04-25,-0.023299418336529598
2017-04-26,-0.028061843593535585
2017-04-27,-0.01380189979051849
2017-04-28,-0.0011761652762416475
2017-05-01,-0.0009952167722051541
2017-05-02,0.004450016218209285
2017-05-03,-0.02220230478316232
2017-05-04,-0.038138460007177244
2017-05-05,-0.019351659684588185
2017-05-08,-0.01637448127157448
2017-05-09,-0.007745555514670599
2017-05-10,-0.015362318757688342
2017-05-11,0.00657875322322532
2017-05-12,0.004199447117745336
2017-05-15,-0.005525907909639471
2017-05-16,-0.015112795296017723
2017-05-17,-0.003365572435646058
2017-05-18,-0.005575458781596154
2017-05-19,0.012562107280267298
2017-05-22,0.013030684608029475
2017-05-23,0.006489664790244376
2017-05-24,-0.017001658298786637
2017-05-25,-0.019727798316143463
2017-05-26,-0.01298740829749967
2017-05-29,-0.010989345482499857
2017-05-30,-0.00630873091639117
2017-05-31,-0.019445750242528703
2017-06-01,-0.02877763862070104
2017-06-02,-0.016567492843220677
2017-06-05,-0.014734070170691282
2017-06-06,-0.01732427512686563
2017-06-07,-0.020582416168084094
2017-06-08,-0.01702936454386972
2017-06-09,0.0014302154450280824
2017-06-12,-0.0168544353939879
2017-06-13,-0.013970903778675492
2017-06-14,0.0020560555100548328
2017-06-15,-0.007165713568049625
2017-06-16,0.002818342561035081
2017-06-19,0.00900305298126014
2017-06-20,-0.009954167200136865
2017-06-21,0.009149378245702167
2017-06-22,0.009158334121158518
2017-06-23,0.013719967432363589
2017-06-26,0.0062045530892209655
2017-06-27,0.02749155633017608
2017-06-28,0.024455274304592933
2017-06-29,0.02307426494528464
2017-06-30,0.02821415435900576
2017-07-03,0.02378298360036446
2017-07-04,0.0013575083024566226
2017-07-05,-0.0006583213349209416
2017-07-06,-0.008432197790279261
2017-07-07,-0.021988200600789654
2017-07-10,-0.010851060309601479
2017-07-11,0.0025859618350025926
2017-07-12,0.008912312678221568
2017-07-13,0.008187600093357617
2017-07-14,0.03978980623959316
2017-07-17,0.035885218385349305
2017-07-18,0.046026660418043264
2017-07-19,0.027435542742992425
2017-07-20,0.00930913705482972
2017-07-21,0.010024334779224375
2017-07-24,0.031141627642616854
2017-07-25,0.046042491149922427
2017-07-26,0.04230980373427684
2017-07-27,0.0436377578507372
2017-07-28,0.042609054149599146
2017-07-31,0.03713627927916008
2017-08-01,0.037434560151549334
2017-08-02,0.03690583099726297
2017-08-03,0.0337288186244038
2017-08-04,0.01820185642983496
2017-08-07,0.02782466522328697
2017-08-08,0.04220273508902039
2017-08-09,0.045716729331003236
2017-08-10,0.05591534787857633
2017-08-11,0.021989490901070496
2017-08-14,0.001821727223445535
2017-08-15,-0.007326571889901601
2017-08-16,0.02667602233309374
2017-08-17,0.019722080434563694
2017-08-18,0.03690348679835331
2017-08-21,0.05677424941367448
2017-08-22,0.05551895006281704
2017-08-23,0.0648811913845222
2017-08-24,0.06089272877328433
2017-08-25,0.0322688896114709
2017-08-28,0.027304445055859716
2017-08-29,0.0393136792011628
2017-08-30,0.02398820629479559
2017-08-31,0.03630453997669214
2017-09-01,0.047330427505654526
2017-09-04,0.055507875225494274
2017-09-05,0.03484189200457877
2017-09-06,0.03523443092877798
2017-09-07,0.02871181546053414
2017-09-08,-0.016013300881603243
2017-09-11,-0.0012671217189073047
2017-09-12,0.014132247935391362
2017-09-13,-0.0343876110005521
2017-09-14,-0.040130540729668596
2017-09-15,-0.04271125748042692
2017-09-18,-0.024348481595353633
2017-09-19,-0.02779549273539672
2017-09-20,-0.005332276391124324
2017-09-21,-0.033391362842406735
2017-09-22,-0.07508357633165907
2017-09-25,-0.05142847223998004
2017-09-26,-0.051294944190221514
2017-09-27,-0.06300185907470635
2017-09-28,-0.03672799648723668
2017-09-29,-0.02639330120908845
2017-10-02,-0.03139881412588075
2017-10-03,-0.008050131932845872
2017-10-04,-0.007655613726763377
2017-10-05,-0.012449753039563305
2017-10-06,-0.005125590816055237
2017-10-09,0.028377593129940593
2017-10-10,0.02795100848457821
2017-10-11,0.029831529554948943
2017-10-12,0.04617126253126003
2017-10-13,0.059164098851640645
2017-10-16,0.06415518350315708
2017-10-17,0.046870283409537805
2017-10-18,0.03119368313928561
2017-10-19,0.03290594124674584
2017-10-20,0.027481048132541375
2017-10-23,0.032267959015925385
2017-10-24,0.03760643122553553
2017-10-25,0.023345328794039943
2017-10-26,0.01220420130032096
2017-10-27,-0.002041067791591189
2017-10-30,0.004443012908646793
2017-10-31,0.04811946915901011
2017-11-01,0.07464903470372519
2017-11-02,0.05046834678539369
2017-11-03,0.05034455555454187
2017-11-06,0.05505069467169932
2017-11-07,0.028573869747209102
2017-11-08,0.027629600394698528
2017-11-09,-0.004049802857913676
2017-11-10,-0.016762159241652697
2017-11-13,0.011838239807216766
2017-11-14,-0.03995885176597547
2017-11-15,-0.04000737311765512
2017-11-16,-0.05891314757495536
2017-11-17,-0.03319488646610225
2017-11-20,-0.02204909691718626
2017-11-21,-0.0035127500648552967
2017-11-22,-0.00508847486780617
2017-11-23,0.002240837338682411
2017-11-24,0.009452513778006377
2017-11-27,-0.025575652621251166
2017-11-28,-0.03819124366640558
2017-11-29,-0.01966961661193878
2017-11-30,-0.04747083840634403
2017-12-01,-0.02653286494562579
2017-12-04,-0.015621580358466503
2017-12-05,-0.05296762251256126
2017-12-06,-0.04890229211828334
2017-12-07,-0.022886576945714054
2017-12-08,-0.026791747000405763
2017-12-11,-0.0007355081409059494
2017-12-12,-0.013399478850487867
2017-12-13,-0.00903535084061069
2017-12-14,-0.003020553984580232
2017-12-15,0.029054921979705384
2017-12-18,0.04317927747006145
2017-12-19,0.03073318490500654
2017-12-20,0.04591458237731594
2017-12-21,0.04132008847351898
2017-12-22,0.03928466441030487
2017-12-25,0.033240869885643676
2017-12-26,0.028126889903235863
2017-12-27,0.022115857075313272
2017-12-28,0.03585015236257938
2017-12-29,0.05812437846514307
2018-01-01,0.049182166393583415
2018-01-02,0.0319708877838778
2018-01-03,0.013420369704332913
2018-01-04,0.027744916589684365
2018-01-05,0.015736662115587663
2018-01-08,0.013230934546335504
2018-01-09,0.02166786592251846
2018-01-10,0.034345964031640364
2018-01-11,0.008419398942672629
2018-01-12,0.014561544468078225
2018-01-15,0.020487148199617167
2018-01-16,-0.004414504542856079
2018-01-17,-0.012645632600337464
2018-01-18,-0.0059351909398834835
2018-01-19,0.012340194290418438
2018-01-22,0.013439652857879736
2018-01-23,0.01710507739824152
2018-01-24,0.0613379467207924
2018-01-25,0.05955354395947943
2018-01-26,0.04766202942312958
2018-01-29,0.05002843910835075
2018-01-30,0.013689247514014014
2018-01-31,0.02685289679776126
2018-02-01,0.04768541518492064
2018-02-02,0.0053731781149402025
2018-02-05,0.023590093080082752
2018-02-06,-0.002562876307690587
2018-02-07,-0.015654160411489926
2018-02-08,-0.015148493892512604
2018-02-09,-0.023997476180545263
2018-02-12,-0.01200427903890322
2018-02-13,0.012094196105994826
2018-02-14,0.05017015659705493
2018-02-15,0.045516251680835396
2018-02-16,0.024207959170269078
2018-02-19,0.00026525665678533983
2018-02-20,0.001223522776996333
2018-02-21,0.015758910134607618
2018-02-22,0.012720951775401446
2018-02-23,0.006826845277497995
2018-02-26,0.015371670231974832
2018-02-27,0.007992900544060433
2018-02-28,0.003445089392149825
2018-03-01,-0.017744749061733955
2018-03-02,-0.015582782066378087
2018-03-05,-0.014701949367985634
2018-03-06,0.003007885915875974
2018-03-07,-0.003156249798118793
2018-03-08,-0.02294959900735627
2018-03-09,0.01818717781996959
2018-03-12,0.0035770685316425244
2018-03-13,0.01569594494422688
2018-03-14,0.010308187443074601
2018-03-15,-0.003867147377048852
2018-03-16,-0.0037086044305176813
2018-03-19,-0.011913707380633909
2018-03-20,-0.011405063356878742
2018-03-21,-0.009145723717898235
2018-03-22,-0.02494141556704932
2018-03-23,-0.03695712925247818
2018-03-26,-0.031173048047705265
2018-03-27,-0.023464103706801964
2018-03-28,-0.01120700651629214
2018-03-29,0.0015705797259801813
2018-03-30,0.0013289520758288376
2018-04-02,0.0011244979103164354
2018-04-03,0.011452614322568166
2018-04-04,-0.010668033506018304
2018-04-05,0.00207487959453978
2018-04-06,-0.0015979712333606955
2018-04-09,0.009459453423691144
2018-04-10,0.024369822589532575
2018-04-11,0.031031350325703144
2018-04-12,0.017054361195741663
2018-04-13,0.02830431132720257
2018-04-16,0.04855251906742453
2018-04-17,0.03318013893724725
2018-04-18,0.0885448964594886
2018-04-19,0.06353574716553645
2018-04-20,0.03984556747148105
2018-04-23,0.0005459029175813868
2018-04-24,-0.016653951214502527
2018-04-25,-0.004273246734168623
2018-04-26,0.002101756706268887
2018-04-27,-0.01939806461986393
2018-04-30,-0.031070268798337963
2018-05-01,-0.026056825008668127
2018-05-02,-0.001225296294297351
2018-05-03,-0.01391571928526325
2018-05-04,0.0034385606110323153
2018-05-07,0.0029095512862582495
2018-05-08,-0.006547564963861774
2018-05-09,-0.00327886471058747
2018-05-10,-0.0054337013346579255
2018-05-11,0.006080278259675609
2018-05-14,0.031103621785245394
2018-05-15,0.021791507979308733
2018-05-16,0.0213225499285965
2018-05-17,0.02541227090844167
2018-05-18,0.030741186818112
2018-05-21,0.02133272948356968
2018-05-22,0.02465743726230052
2018-05-23,0.01335898973349181
2018-05-24,0.025734863883506875
2018-05-25,0.014964489487246269
2018-05-28,0.012662260335360997
2018-05-29,0.017553887836191606
2018-05-30,0.027470862701072463
2018-05-31,0.028339880040858745
2018-06-01,0.03633798755154771
2018-06-04,0.03310986002910532
2018-06-05,0.04237687096145493
2018-06-06,0.029482185841734676
2018-06-07,0.01874191348094456
2018-06-08,0.010311052995326975
2018-06-11,0.001363702955780255
2018-06-12,-0.0036681352672154333
2018-06-13,0.01970287395256065
2018-06-14,-0.0019524789159017786
2018-06-15,-0.007401433348704245
2018-06-18,-0.018447983424819014
2018-06-19,-0.03431028446326856
2018-06-20,-0.010246099223682137
2018-06-21,-0.007988264305474502
2018-06-22,0.008737992209645995
2018-06-25,-0.022936232552480007
2018-06-26,-0.016034550910740464
2018-06-27,-0.007861366424648963
2018-06-28,-0.012128111754549309
2018-06-29,-0.00370077331354679
2018-07-02,-0.02384751786903294
2018-07-03,-0.026697063123206632
2018-07-04,-0.040432467526416715
2018-07-05,-0.031237061108980058
2018-07-06,-0.0417481490254179
2018-07-09,-0.019139071868137236
2018-07-10,-0.01985851872382227
2018-07-11,-0.0333367409672789
2018-07-12,-0.009150233704458444
2018-07-13,-0.020928014457062716
2018-07-16,-0.03678823699756961
2018-07-17,-0.04233143562310815
2018-07-18,-0.027895589315697578
2018-07-19,-0.04067428945628926
2018-07-20,-0.022494383533771867
2018-07-23,-0.027641526893440016
2018-07-24,-0.01088588653976963
2018-07-25,-0.0043359550793447
2018-07-26,0.0025405347862452743
2018-07-27,0.007883833377025695
2018-07-30,0.006455836813058724
2018-07-31,0.015999414430785563
2018-08-01,-0.014010003451486952
2018-08-02,-0.02801543796126893
2018-08-03,-0.009836673624967318
2018-08-06,0.00031032021213661665
2018-08-07,0.0107170743181495
2018-08-08,0.021548530107009967
2018-08-09,0.008270081762123738
2018-08-10,0.0028500155182609177
2018-08-13,-0.015108689482996596
2018-08-14,-0.020808943893166898
2018-08-15,-0.0548902416448005
2018-08-16,-0.015407621523774395
2018-08-17,-0.0028654491863928655
2018-08-20,0.002992606400242792
2018-08-21,0.0024380156402212805
2018-08-22,5.1052681042662584e-05
2018-08-23,-0.015520880950402827
2018-08-24,-0.004172549155011751
2018-08-27,-0.0035306185157786274
2018-08-28,0.012912380670808687
2018-08-29,-0.00010318374407347619
2018-08-30,-0.013758324486360607
2018-08-31,-0.043782908798890574
2018-09-03,-0.037746501280144784
2018-09-04,-0.05336637960665591
2018-09-05,-0.04669540671580208
2018-09-06,-0.03961421357252881
2018-09-07,-0.039360736152229236
2018-09-10,-0.02965846265649219
2018-09-11,-0.0376499099757428
2018-09-12,-0.004399038913897257
2018-09-13,-0.004802316618322422
2018-09-14,-0.0009284058416323404
2018-09-17,-0.02921975784685138
2018-09-18,-0.014039503648223928
2018-09-19,-0.004523905388621685
2018-09-20,0.004375711109810609
2018-09-21,0.04488690393753281
2018-09-24,0.018314061990349018
2018-09-25,0.015266263570653749
2018-09-26,0.004387225436857989
2018-09-27,-0.01357699029082049
2018-09-28,-0.009252676085214517
2018-10-01,-0.014690023700895338
2018-10-02,-0.011407559891338792
2018-10-03,0.007609613425779926
2018-10-04,-0.01208447251655187
2018-10-05,-0.0009635581164157969
2018-10-08,-0.0037558787810230143
2018-10-09,0.025941152904094267
2018-10-10,0.00014654738662756017
2018-10-11,-4.384939944479527e-05
2018-10-12,-0.0015492628745708004
2018-10-15,-0.00430961150174447
2018-10-16,-0.0048625754942452915
2018-10-17,-0.018981807854471455
2018-10-18,-0.017610978693157975
2018-10-19,-0.008310297454313442
2018-10-22,-0.0018838369363329832
2018-10-23,-0.012334410201074064
2018-10-24,-0.02075757534314704
2018-10-25,-0.022421545689720546
2018-10-26,-0.03582067322372673
2018-10-29,-0.0409588159081391
2018-10-30,-0.034367879240036814
2018-10-31,-0.04844565442132165
2018-11-01,-0.019566939031831154
2018-11-02,-0.006364919376258271
2018-11-05,-0.01868801963161637
2018-11-06,-0.014075382516629986
2018-11-07,-0.008733655048882127
2018-11-08,-0.009807239092705089
2018-11-09,-0.031223291701236278
2018-11-12,-0.03215586152290584
2018-11-13,-0.031517801922950284
2018-11-14,-0.029114170552123397
2018-11-15,-0.028221670211822314
2018-11-16,-0.016009320091939117
2018-11-19,-0.02707300675612423
2018-11-20,-0.029100724589653737
2018-11-21,-0.03043708646345422
2018-11-22,-0.029568278972027073
2018-11-23,-0.029162319224134592
2018-11-26,-0.028231985151496275
2018-11-27,-0.032034030250727596
2018-11-28,-0.025012693998908375
2018-11-29,-0.0010918267526367487
2018-11-30,0.010667214411160586
2018-12-03,0.012362946758557314
2018-12-04,0.002934469497047232
2018-12-05,0.008228958360213312
2018-12-06,-0.02200809330124187
2018-12-07,-0.01353574748659625
2018-12-10,-0.020552262638547703
2018-12-11,-0.01999684476191632
2018-12-12,-0.01451111733157795
2018-12-13,-0.008069006298184078
2018-12-14,0.010958186080811672
2018-12-17,0.0013963870916242627
2018-12-18,-0.010928883517749455
2018-12-19,-0.00020686568641714587
2018-12-20,-0.0029825578374307327
2018-12-21,-0.005340566720576589
2018-12-24,-0.004127148756921883
2018-12-25,-0.0034922027943178335
2018-12-26,-0.002954940825961927
2018-12-27,-0.012587786818091473
2018-12-28,-0.012714995122458106
2018-12-31,-0.014143223026023222
2019-01-01,-0.011967342560481598
2019-01-02,0.004625645105106102
2019-01-03,0.004305981205535048
2019-01-04,0.022746096609347788
2019-01-07,0.022191706371147646
2019-01-08,0.021179549986676705
2019-01-09,0.02334803700147603
2019-01-10,0.02051226859777522
2019-01-11,0.033825017128796375
2019-01-14,0.024198719038887262
2019-01-15,0.04301382330765158
2019-01-16,0.029291703992475604
2019-01-17,0.023467119980219664
2019-01-18,0.03625999818078185
2019-01-21,0.028125885800349693
2019-01-22,0.007823229294263712
2019-01-23,0.014772511202366445
2019-01-24,0.018229100156615274
2019-01-25,0.029758053877637636
2019-01-28,0.01474047746557794
2019-01-29,0.03329451201791045
2019-01-30,0.04395880041833422
2019-01-31,0.0457989032837105
2019-02-01,0.05127722566280646
2019-02-04,0.08293781973887704
2019-02-05,0.05624366095834965
2019-02-06,0.039533368851181194
2019-02-07,0.036998168273758125
2019-02-08,0.003471870976133218
2019-02-11,-0.0028225373638921525
2019-02-12,-0.00782762344563892
2019-02-13,-0.0068636461616140565
2019-02-14,-0.019948816064111696
2019-02-15,-0.003013332659158152
2019-02-18,0.0011509438297618857
2019-02-19,0.01484361492310704
2019-02-20,0.02917952186341566
2019-02-21,0.021253396953648362
2019-02-22,0.02717264551032983
2019-02-25,0.02171373837204804
2019-02-26,0.017125584299511942
2019-02-27,0.020677844975249826
2019-02-28,0.017333542925051404
2019-03-01,0.02410703889707655
2019-03-04,0.024035840744442538
2019-03-05,0.045840042776930545
2019-03-06,0.03453820247139738
2019-03-07,0.007007930469319135
2019-03-08,-0.003935838807004544
2019-03-11,-0.01618138412884562
2019-03-12,-9.289289606861928e-05
2019-03-13,0.006591455139878022
2019-03-14,-0.015253475649085857
2019-03-15,-0.009920543044563246
2019-03-18,-0.0030913071785843016
2019-03-19,0.005463424921336113
2019-03-20,0.009278857554834374
2019-03-21,-0.005800791933674887
2019-03-22,-0.005432824401694347
2019-03-25,-0.006698110018906078
2019-03-26,0.0024126912023252345
2019-03-27,0.0008686018783201632
2019-03-28,-0.011150514535847478
2019-03-29,-0.00278224220492973
2019-04-01,0.005775202921936895
2019-04-02,0.007255300041560275
2019-04-03,0.018139201721590226
2019-04-04,0.004902277252741172
2019-04-05,-0.001986671053499478
2019-04-08,0.005681812430637478
2019-04-09,0.005679195799881853
2019-04-10,0.006255995545908277
2019-04-11,-0.010570892398160225
2019-04-12,-0.005751100590188685
2019-04-15,-0.007075916621831269
2019-04-16,-0.008613593871999115
2019-04-17,-0.010879901906358569
2019-04-18,-0.02419678734984565
2019-04-19,-0.020474204680638763
2019-04-22,-0.01732432703746234
2019-04-23,-0.03369287204446891
2019-04-24,-0.027238464953503794
2019-04-25,-0.02821204087886109
2019-04-26,-0.016856227062778117
2019-04-29,-0.01566827664109738
2019-04-30,-0.027196651788349513
2019-05-01,-0.02521248640523588
2019-05-02,-0.023083702627864966
2019-05-03,-0.01523369796607632
2019-05-06,-0.012890052125142049
2019-05-07,-0.02090081934150767
2019-05-08,-0.02402303893084934
2019-05-09,-0.032461583443962994
2019-05-10,-0.01672026394482451
2019-05-13,-0.02316638915944047
2019-05-14,-0.008663768062239896
2019-05-15,0.009965429592954322
2019-05-16,0.011072827947442576
2019-05-17,-0.004198529594129141
2019-05-20,-0.005528938172398412
2019-05-21,0.0019383274487552171
2019-05-22,-0.0045879631420469025
2019-05-23,-0.01008523458078514
2019-05-24,0.023237059042974906
2019-05-27,0.019662126882517228
2019-05-28,-0.0005315429677867911
2019-05-29,-0.006344866286589479
2019-05-30,0.003354038047213237
2019-05-31,-0.008953776253635581
2019-06-03,-0.018352729388841027
2019-06-04,-0.020051251407158688
2019-06-05,-0.02448464759369351
2019-06-06,-0.025012800380004307
2019-06-07,-0.024968279776652835
2019-06-10,-0.019515702386508238
2019-06-11,0.0010831187098467865
2019-06-12,-0.0026743955865171642
2019-06-13,-0.0019031755213791968
2019-06-14,0.0005450617512465783
2019-06-17,-0.007034583978516196
2019-06-18,0.007193316853022935
2019-06-19,0.016711526703167223
2019-06-20,0.028708235205689547
2019-06-21,0.009547878627117257
2019-06-24,0.011661995697190619
2019-06-25,0.021322524627358064
2019-06-26,0.03108231893746627
2019-06-27,0.042089096452780694
2019-06-28,0.032868660884462386
2019-07-01,0.003938640659166381
2019-07-02,-0.014901604428235515
2019-07-03,0.0060045756848126075
2019-07-04,0.004977359342076326
2019-07-05,0.014356805321655841
2019-07-08,0.02954787356030053
2019-07-09,0.023030555121817287
2019-07-10,0.03811547372079893
2019-07-11,0.04168915936458539
2019-07-12,0.05677991488701828
2019-07-15,0.05966956936832446
2019-07-16,0.07557041831841538
2019-07-17,0.08865508938889022
2019-07-18,0.09805525086159683
2019-07-19,0.07510978015654324
2019-07-22,0.03875522343729898
2019-07-23,0.02534088472338425
2019-07-24,0.0437208881521336
2019-07-25,0.00876708661341219
2019-07-26,0.009285595737589247
2019-07-29,0.023476219842546442
2019-07-30,0.019569100501282577
2019-07-31,0.0243224826766113
2019-08-01,0.027925795066432002
2019-08-02,0.01605005666088033
2019-08-05,0.03839649148534008
2019-08-06,0.03623464409457178
2019-08-07,0.022581366401302816
2019-08-08,0.07666994871097543
2019-08-09,0.04701015087449889
2019-08-12,0.04883812468155746
2019-08-13,0.05385882168161693
2019-08-14,0.049233676556976746
2019-08-15,0.057757989202196214
2019-08-16,0.045332618046181494
2019-08-19,0.023678882465832274
2019-08-20,0.016605781042931866
2019-08-21,0.012904549587887004
2019-08-22,0.0030385034713713566
2019-08-23,0.0032709428162913667
2019-08-26,0.0027677208445542334
2019-08-27,0.005350276808417931
2019-08-28,0.025866794580451824
2019-08-29,0.040863272349822566
2019-08-30,0.1058805429369798
2019-09-02,0.09493212109902238
2019-09-03,0.07587878003757886
2019-09-04,0.06382944973051075
2019-09-05,0.030192767998380887
2019-09-06,0.03649138586108336
2019-09-09,0.047826936659294716
2019-09-10,0.04168340976458751
2019-09-11,0.027015352539342175
2019-09-12,0.032280481121604865
2019-09-13,0.011125731952230211
2019-09-16,-0.007284024847548309
2019-09-17,-0.02295048963148716
2019-09-18,-0.01022623800304423
2019-09-19,-0.0025628777802033653
2019-09-20,0.008923925884653627
2019-09-23,0.004430885869714629
2019-09-24,-0.010802374435517237
2019-09-25,-0.0003795242886557304
2019-09-26,-0.0068833270474968344
2019-09-27,-0.005897553521197807
2019-09-30,-0.010842269000914229
2019-10-01,0.001325608548356172
2019-10-02,0.011061207839523135
2019-10-03,0.015810497111692356
2019-10-04,0.0195913161521446
2019-10-07,0.012028551819943445
