,results,K
2000-11-07,1628.4786275538281,67
2000-11-08,1641.693742363778,67
2000-11-09,1634.0759456992664,67
2000-11-10,1599.073200916261,67
2000-11-13,1499.5943952442017,67
2000-11-14,1350.9661517004595,67
2000-11-15,1261.3668290829426,65
2000-11-16,1198.4752600918325,65
2000-11-17,1115.880245526304,19
2000-11-20,1041.548846698555,11
2000-11-21,997.9114793854723,11
2000-11-22,973.0361825867708,11
2000-11-23,970.1647888002254,11
2000-11-24,971.2651767920628,21
2000-11-27,952.3701488513767,19
2000-11-28,928.407817532847,19
2000-11-29,929.8273731387818,65
2000-11-30,923.501371739832,65
2000-12-01,927.8917673589054,65
2000-12-04,918.9591356938878,65
2000-12-05,912.809118437944,65
2000-12-06,909.8397515917856,65
2000-12-07,916.5204096632287,65
2000-12-08,942.6934768966318,65
2000-12-11,989.2467848561145,65
2000-12-12,1015.0832782985761,65
2000-12-13,1057.8913908714658,65
2000-12-14,1097.9418404591381,65
2000-12-15,1118.7910897974502,65
2000-12-18,1134.9527963676308,65
2000-12-19,1100.745681070394,65
2000-12-20,1069.4044354386901,65
2000-12-21,1029.9610254709767,65
2000-12-22,990.3699470340418,65
2000-12-25,951.946941296709,65
2000-12-26,921.9272187834084,65
2000-12-27,890.6608434290611,65
2000-12-28,868.0559719364904,65
2000-12-29,820.8019462737092,65
2001-01-01,783.178993654658,65
2001-01-02,751.4116578596603,65
2001-01-03,733.4319400359066,65
2001-01-04,722.2348600443033,65
2001-01-05,688.5078103548556,65
2001-01-08,624.4586391841741,65
2001-01-09,565.3170753233668,65
2001-01-10,507.1697161260203,65
2001-01-11,486.2868559731806,65
2001-01-12,452.9235347346396,65
2001-01-15,413.24317066191355,65
2001-01-16,391.07791203871614,65
2001-01-17,363.29223898945304,65
2001-01-18,364.1043468189602,65
2001-01-19,375.94760779594725,67
2001-01-22,389.7264316899437,67
2001-01-23,398.74652075735173,65
2001-01-24,395.1206942372455,65
2001-01-25,387.6252401026018,65
2001-01-26,385.7194806127467,65
2001-01-29,394.7222525070448,65
2001-01-30,406.6137121267887,65
2001-01-31,412.1399845419071,65
2001-02-01,429.34030732831866,65
2001-02-02,444.1489266983007,65
2001-02-05,455.65346444361904,65
2001-02-06,456.22558530311045,65
2001-02-07,454.06865678160113,65
2001-02-08,468.79218328388595,65
2001-02-09,477.81293163228725,65
2001-02-12,492.07030130693863,65
2001-02-13,500.64452592519694,65
2001-02-14,507.7034808368138,65
2001-02-15,507.6022466031008,65
2001-02-16,509.8123427524124,65
2001-02-19,530.1060119725543,65
2001-02-20,555.685105842121,65
2001-02-21,565.0093588603969,65
2001-02-22,569.0553104401212,65
2001-02-23,589.4079831267244,65
2001-02-26,605.7595519215271,65
2001-02-27,614.0100457830976,65
2001-02-28,606.5581703031897,65
2001-03-01,617.5611934730579,65
2001-03-02,616.2722032141969,65
2001-03-05,592.8859252241589,65
2001-03-06,568.6776765863641,65
2001-03-07,548.5788371087424,65
2001-03-08,516.5277653164068,65
2001-03-09,492.79834781245097,65
2001-03-12,470.2369122063061,65
2001-03-13,458.4692386640472,65
2001-03-14,449.8924803680688,65
2001-03-15,429.5889649857226,65
2001-03-16,408.68014474923825,65
2001-03-19,397.8985073858218,65
2001-03-20,388.9517950911663,65
2001-03-21,375.67363993854366,67
2001-03-22,371.9194563576046,67
2001-03-23,371.27838641356124,31
2001-03-26,368.6649106331592,31
2001-03-27,365.0443719249448,31
2001-03-28,363.4487801303235,31
2001-03-29,361.7254184706134,19
2001-03-30,361.227323540734,19
2001-04-02,359.8116550234853,19
2001-04-03,360.78759240993907,19
2001-04-04,357.62491991847185,19
2001-04-05,352.058635609651,19
2001-04-06,350.39397154317135,19
2001-04-09,350.5637587639282,19
2001-04-10,348.4337733981373,19
2001-04-11,349.18463878960875,19
2001-04-12,350.3854543930857,17
2001-04-13,352.10766045285214,15
2001-04-16,353.7835435840525,9
2001-04-17,360.6831479824161,9
2001-04-18,369.99935354593265,9
2001-04-19,378.1234807102606,9
2001-04-20,381.5256956011086,5
2001-04-23,385.30643892292403,3
2001-04-24,394.60417418072706,3
2001-04-25,418.41153620746974,3
2001-04-26,426.13439824207836,3
2001-04-27,433.4129943520088,3
2001-04-30,428.9770079557942,3
2001-05-01,424.8057485786994,3
2001-05-02,415.98079275385317,3
2001-05-03,398.25511445726704,3
2001-05-04,390.2636880063572,3
2001-05-07,389.55469351564176,3
2001-05-08,391.1673025132065,5
2001-05-09,393.52816443374616,5
2001-05-10,396.1199903187145,5
2001-05-11,397.4990330501733,5
2001-05-14,392.4818538304097,5
2001-05-15,383.427372752266,17
2001-05-16,375.0583632745163,17
2001-05-17,369.6087256840474,9
2001-05-18,362.54594157925203,17
2001-05-21,354.71333763383547,9
2001-05-22,352.18813275608625,9
2001-05-23,354.96069626969364,9
2001-05-24,359.53438311599666,9
2001-05-25,365.2462088878517,9
2001-05-28,369.6617945726508,9
2001-05-29,372.83604742606525,9
2001-05-30,377.4075558142117,9
2001-05-31,394.06201175133623,9
2001-06-01,395.12938953726604,9
2001-06-04,402.3459951109774,9
2001-06-05,404.5211942473923,9
2001-06-06,404.9352012519669,9
2001-06-07,403.7321400530593,9
2001-06-08,405.1339207427755,9
2001-06-11,408.51853203762346,9
2001-06-12,411.26841845910195,9
2001-06-13,412.7371682970772,9
2001-06-14,413.4801878489968,9
2001-06-15,415.95962495007706,9
2001-06-18,424.6245240362647,9
2001-06-19,439.8267290023091,15
2001-06-20,445.5865253371194,17
2001-06-21,448.9585734722032,17
2001-06-22,452.21349802278377,17
2001-06-25,448.86965636926016,9
2001-06-26,445.8319975286862,9
2001-06-27,447.5739007064549,9
2001-06-28,437.0704846086223,9
2001-06-29,438.57455938690225,9
2001-07-02,442.1891272711795,9
2001-07-03,443.0186117586415,9
2001-07-04,443.35491704523116,9
2001-07-05,445.18456383996494,9
2001-07-06,449.01512558901067,9
2001-07-09,456.2094066223357,9
2001-07-10,463.0959653943347,9
2001-07-11,470.67190948095026,9
2001-07-12,478.70590196510557,9
2001-07-13,489.4652142645011,9
2001-07-16,508.4305114084759,9
2001-07-17,508.78775946930864,9
2001-07-18,514.3463407263645,9
2001-07-19,524.0413953917744,9
2001-07-20,526.6006243211552,9
2001-07-23,516.770766887869,9
2001-07-24,492.16867222782236,9
2001-07-25,481.5696319801839,9
2001-07-26,475.2602742461372,9
2001-07-27,482.51165085417114,9
2001-07-30,500.26200285709837,9
2001-07-31,515.0731277543581,9
2001-08-01,542.3718733632015,9
2001-08-02,555.594511805242,9
2001-08-03,570.7401141896297,9
2001-08-06,596.0429995614154,9
2001-08-07,620.9600074203217,9
2001-08-08,632.2985180378287,9
2001-08-09,632.2452645259452,9
2001-08-10,625.1367533039611,9
2001-08-13,630.0164355409595,9
2001-08-14,636.3714579354253,9
2001-08-15,643.4729336317032,9
2001-08-16,637.0434256557049,9
2001-08-17,633.2505109891378,9
2001-08-20,630.559236139202,9
2001-08-21,633.4063892241888,9
2001-08-22,643.8409606865583,9
2001-08-23,652.2699318316829,9
2001-08-24,660.4021501130886,9
2001-08-27,659.5248952226848,9
2001-08-28,658.6700069994349,9
2001-08-29,656.3510040645506,9
2001-08-30,659.8205971928597,5
2001-08-31,673.6502499069543,7
2001-09-03,681.6208819326764,7
2001-09-04,680.3688100614964,7
2001-09-05,685.5541743818833,7
2001-09-06,694.5625460488144,7
2001-09-07,703.2310003535158,7
2001-09-10,716.7667925343204,7
2001-09-11,706.8268096771275,7
2001-09-12,690.3217426755982,7
2001-09-13,688.3173426651382,7
2001-09-14,687.9741530913248,5
2001-09-17,706.9860304652334,5
2001-09-18,723.2232444330996,5
2001-09-19,763.0120481937751,5
2001-09-20,822.8540682584626,5
2001-09-21,871.4832338846982,5
2001-09-24,936.0959131415401,7
2001-09-25,993.1655428723728,7
2001-09-26,1032.0707896441334,7
2001-09-27,1063.7717442725664,7
2001-09-28,1072.9872522598582,7
2001-10-01,1120.603900580411,7
2001-10-02,1156.446724213799,7
2001-10-03,1157.0750134627813,7
2001-10-04,1166.9178089118782,7
2001-10-05,1185.7012372921508,7
2001-10-08,1216.9224654720476,7
2001-10-09,1245.216011375227,5
2001-10-10,1273.7516288311613,7
2001-10-11,1301.8910304544809,7
2001-10-12,1330.3785796242905,7
2001-10-15,1362.0656664448538,7
2001-10-16,1373.0883021822815,7
2001-10-17,1385.7721966214337,7
2001-10-18,1397.1359302686667,7
2001-10-19,1405.8003436932033,7
2001-10-22,1350.0893050839925,7
2001-10-23,1314.0801972888592,5
2001-10-24,1295.9373958040899,3
2001-10-25,1248.8011310484287,5
2001-10-26,1217.0419203162323,5
2001-10-29,1167.1294108910904,3
2001-10-30,1133.885465798058,3
2001-10-31,1118.469248351856,3
2001-11-01,1091.3077600434704,5
2001-11-02,1077.601569115519,5
2001-11-05,1092.9618080029873,5
2001-11-06,1086.1098411557944,5
2001-11-07,1058.2151910220741,5
2001-11-08,1049.9925917358566,5
2001-11-09,1046.859051513043,5
2001-11-12,1045.568871340062,5
2001-11-13,1056.9127322778643,7
2001-11-14,1073.7652928924801,5
2001-11-15,1091.1291738052023,7
2001-11-16,1120.7967431966579,7
2001-11-19,1162.5867767350996,7
2001-11-20,1204.882040512161,7
2001-11-21,1214.4016538625742,7
2001-11-22,1222.4781397544891,7
2001-11-23,1236.6023239607387,7
2001-11-26,1254.778969783204,7
2001-11-27,1271.8852927985413,7
2001-11-28,1279.4107039660682,7
2001-11-29,1295.281824246093,7
2001-11-30,1313.3806494069263,7
2001-12-03,1323.3595318492582,7
2001-12-04,1357.8745539818483,7
2001-12-05,1402.9451815977895,7
2001-12-06,1466.067726143464,7
2001-12-07,1518.230786806116,7
2001-12-10,1563.8333922568472,7
2001-12-11,1614.7268340340065,7
2001-12-12,1645.3786175588193,7
2001-12-13,1675.3361042526308,7
2001-12-14,1735.5689344207724,7
2001-12-17,1810.497647185662,7
2001-12-18,1861.5351327212418,7
2001-12-19,1915.531826923342,7
2001-12-20,1992.9414486129679,7
2001-12-21,2083.2646144746477,9
2001-12-24,2152.22937501541,7
2001-12-25,2204.7416378422927,7
2001-12-26,2231.9163406707626,5
2001-12-27,2257.4852170875556,5
2001-12-28,2288.700894742056,5
2001-12-31,2326.2395575527917,5
2002-01-01,2379.2337116742115,7
2002-01-02,2442.115335664246,5
2002-01-03,2429.143944663873,3
2002-01-04,2420.418468728058,3
2002-01-07,2422.0930809817746,5
2002-01-08,2371.972185375914,3
2002-01-09,2326.7055960772364,3
2002-01-10,2247.471540162246,3
2002-01-11,2221.471281761412,3
2002-01-14,2210.749761183021,3
2002-01-15,2228.7310851989273,3
2002-01-16,2200.058981340732,3
2002-01-17,2191.694172685048,3
2002-01-18,2059.9386803720586,1
2002-01-21,1903.925870193276,1
2002-01-22,1874.7358167773568,3
2002-01-23,1866.5390392965207,3
2002-01-24,1880.113135070738,3
2002-01-25,1903.6158341482458,3
2002-01-28,1952.9529287713583,3
2002-01-29,2006.859083190611,3
2002-01-30,2056.488676968824,5
2002-01-31,2056.1315476611285,3
2002-02-01,2089.491895867394,3
2002-02-04,2079.6254406341955,1
2002-02-05,2069.1362386542196,3
2002-02-06,2077.7282280118616,3
2002-02-07,2108.9571994672533,5
2002-02-08,2119.1163063106733,5
2002-02-11,2124.663014897925,5
2002-02-12,2137.162678121172,1
2002-02-13,2171.0105495842895,5
2002-02-14,2226.6934554473805,5
2002-02-15,2216.2020332398897,1
2002-02-18,2254.583501215944,3
2002-02-19,2289.0380676654727,3
2002-02-20,2310.420607682733,3
2002-02-21,2283.580388572944,1
2002-02-22,2293.4665143232733,3
2002-02-25,2299.0002350930686,1
2002-02-26,2290.0835043490856,1
2002-02-27,2280.8666823350395,1
2002-02-28,2285.335747739312,1
2002-03-01,2326.4621971923007,1
2002-03-04,2299.7805597875795,1
2002-03-05,2296.2563853475763,1
2002-03-06,2318.5489647994273,1
2002-03-07,2252.9354344636804,1
2002-03-08,2273.3211007587392,1
2002-03-11,2333.497527950647,1
2002-03-12,2276.183565211139,1
2002-03-13,2352.803141248217,1
2002-03-14,2370.4107103517003,1
2002-03-15,2486.9834541836103,3
2002-03-18,2547.039678821736,1
2002-03-19,2581.151821302431,1
2002-03-20,2547.7979464466903,1
2002-03-21,2590.989862671883,1
2002-03-22,2636.497540904838,1
2002-03-25,2660.770810068366,1
2002-03-26,2692.0555372420085,1
2002-03-27,2822.842022040273,1
2002-03-28,3041.1780029546394,3
2002-03-29,3038.505375186689,1
2002-04-01,3165.8169047391602,1
2002-04-02,3270.1071578789674,3
2002-04-03,3315.248407814983,3
2002-04-04,3329.3191988653966,1
2002-04-05,3276.886536009623,1
2002-04-08,3270.5425795809424,1
2002-04-09,3288.7343950941054,1
2002-04-10,3211.268163294657,1
2002-04-11,3240.3511222633424,1
2002-04-12,3137.0575889080988,1
2002-04-15,3209.4732425793304,1
2002-04-16,3121.4447225228196,1
2002-04-17,3138.963383851023,1
2002-04-18,3138.0192781015994,1
2002-04-19,3155.277042379067,1
2002-04-22,3171.756007534955,1
2002-04-23,3197.6301809137126,1
2002-04-24,3263.248899781663,1
2002-04-25,3304.4126508046397,1
2002-04-26,3313.4091506397554,1
2002-04-29,3288.8478850197266,1
2002-04-30,3246.359567546222,1
2002-05-01,3255.783858022838,1
2002-05-02,3274.593449747114,1
2002-05-03,3315.184810948961,1
2002-05-06,3329.350109459478,1
2002-05-07,3312.79651558254,1
2002-05-08,3289.1172147881157,1
2002-05-09,3293.9233363746803,1
2002-05-10,3264.8409782097187,1
2002-05-13,3261.1254020520378,1
2002-05-14,3237.257711814493,1
2002-05-15,3250.947822371577,1
2002-05-16,3262.246954364036,1
2002-05-17,3266.9709218916178,1
2002-05-20,3282.2158062158346,1
2002-05-21,3281.1886295238623,1
2002-05-22,3193.0512956090874,1
2002-05-23,3137.520879504267,1
2002-05-24,3168.853956177906,1
2002-05-27,3141.1579401953136,1
2002-05-28,3113.521960216374,1
2002-05-29,3129.776724392669,1
2002-05-30,3074.6111551797617,1
2002-05-31,3029.007689270396,1
2002-06-03,2907.9386980253144,1
2002-06-04,2944.7916854905548,1
2002-06-05,2888.653201808816,1
2002-06-06,2812.0161921058716,1
2002-06-07,2656.6500601554203,1
2002-06-10,2690.388897250113,1
2002-06-11,2706.937961236719,3
2002-06-12,2739.587213242257,3
2002-06-13,2796.122904698053,3
2002-06-14,2850.878707497443,1
2002-06-17,2896.2542511725946,1
2002-06-18,2907.3183762715603,1
2002-06-19,2929.0681564825495,1
2002-06-20,2951.0109562881667,1
2002-06-21,3003.5628597928667,1
2002-06-24,3008.598721612163,1
2002-06-25,3048.726646115876,1
2002-06-26,3068.8759007089084,1
2002-06-27,3091.4545019711436,1
2002-06-28,3098.5357431715074,1
2002-07-01,3277.8922308316082,1
2002-07-02,3277.3053800842345,1
2002-07-03,3475.2821530333576,1
2002-07-04,3529.6803419536463,1
2002-07-05,3584.467405104806,1
2002-07-08,3480.63884150266,1
2002-07-09,3507.0697407053167,1
2002-07-10,3516.382295857771,1
2002-07-11,3488.961761546759,1
2002-07-12,3537.451487950474,1
2002-07-15,3588.9628629044537,1
2002-07-16,3671.7227052567564,1
2002-07-17,3744.03841582649,1
2002-07-18,3739.168853211785,1
2002-07-19,3679.2616814733065,1
2002-07-22,3669.8298386396978,1
2002-07-23,3669.5597543171184,1
2002-07-24,3692.6635924900716,1
2002-07-25,3663.0705120168036,1
2002-07-26,3599.8981560743214,1
2002-07-29,3619.184188959392,1
2002-07-30,3617.3762760353225,1
2002-07-31,3532.3666349086716,1
2002-08-01,3540.6289325735684,1
2002-08-02,3582.791477338972,1
2002-08-05,3601.250802370818,1
2002-08-06,3634.632086700498,1
2002-08-07,3664.0442556553176,1
2002-08-08,3645.5610720204313,1
2002-08-09,3686.78485951835,31
2002-08-12,3705.9206284215825,31
2002-08-13,3723.1447793549396,29
2002-08-14,3745.3539814864007,29
2002-08-15,3740.96272890698,31
2002-08-16,3725.4625360941227,59
2002-08-19,3695.7232653735055,59
2002-08-20,3641.4187914793306,59
2002-08-21,3601.7051356812212,59
2002-08-22,3574.6100143727836,59
2002-08-23,3549.4838865608353,59
2002-08-26,3532.0283134308334,59
2002-08-27,3522.3517042815274,59
2002-08-28,3517.879278924854,59
2002-08-29,3516.429992228569,59
2002-08-30,3508.5553699643106,59
2002-09-02,3479.769063143313,33
2002-09-03,3428.1638332701004,33
2002-09-04,3377.3066659770498,37
2002-09-05,3366.5486143533635,33
2002-09-06,3330.292736344248,33
2002-09-09,3304.0102715449125,53
2002-09-10,3303.5077882072496,53
2002-09-11,3299.3646263569576,31
2002-09-12,3286.0997020773225,59
2002-09-13,3284.356775089487,59
2002-09-16,3290.1067342674282,33
2002-09-17,3302.618879945054,33
2002-09-18,3292.1028757666263,33
2002-09-19,3274.6654659149394,33
2002-09-20,3261.973869707787,59
2002-09-23,3223.7896338903006,33
2002-09-24,3211.6831806508108,33
2002-09-25,3193.6774060901284,33
2002-09-26,3178.064539722233,53
2002-09-27,3177.1423199246956,31
2002-09-30,3179.7513129719514,59
2002-10-01,3195.9973604836164,31
2002-10-02,3203.682416199175,59
2002-10-03,3176.881709993713,33
2002-10-04,3136.79301613688,31
2002-10-07,3092.215779398124,59
2002-10-08,3039.9835159699005,59
2002-10-09,2993.9064791987043,59
2002-10-10,2942.6730716552515,61
2002-10-11,2866.1899969017973,61
2002-10-14,2746.1935930785844,61
2002-10-15,2691.0815324555897,61
2002-10-16,2580.4380117238497,1
2002-10-17,2486.5111134559093,1
2002-10-18,2528.4246503777613,1
2002-10-21,2493.017449465337,1
2002-10-22,2413.826439337812,11
2002-10-23,2325.82718108984,11
2002-10-24,2314.132651064011,11
2002-10-25,2345.287011859237,11
2002-10-28,2324.237112102685,11
2002-10-29,2315.436406534576,11
2002-10-30,2280.361794788057,11
2002-10-31,2196.178172200827,11
2002-11-01,2063.8263818519536,1
2002-11-04,1947.3023015515046,1
2002-11-05,1887.7959848613893,1
2002-11-06,1875.2059709432626,11
2002-11-07,1842.449560952049,11
2002-11-08,1787.8166862913977,11
2002-11-11,1778.6834569297357,11
2002-11-12,1754.3850153754536,11
2002-11-13,1676.6693989536159,11
2002-11-14,1579.332542646626,1
2002-11-15,1546.8984715087802,11
2002-11-18,1534.143615493571,11
2002-11-19,1533.8483127099182,11
2002-11-20,1534.057087754569,11
2002-11-21,1556.6054461986776,11
2002-11-22,1595.8525408343132,11
2002-11-25,1614.6495146818306,11
2002-11-26,1631.1488210911891,11
2002-11-27,1656.6772513734109,11
2002-11-28,1659.8803759620541,11
2002-11-29,1659.0619542402444,11
2002-12-02,1629.0163126447144,11
2002-12-03,1605.007812209421,11
2002-12-04,1558.3232703686463,11
2002-12-05,1535.2218659088196,11
2002-12-06,1487.016007029398,11
2002-12-09,1442.6969089194563,31
2002-12-10,1403.378740577822,31
2002-12-11,1320.9156476294113,1
2002-12-12,1319.7277769956709,33
2002-12-13,1273.138807700195,33
2002-12-16,1237.0754559186494,39
2002-12-17,1194.8398970757964,39
2002-12-18,1167.7323836193814,67
2002-12-19,1158.829311993505,67
2002-12-20,1165.2895501202447,67
2002-12-23,1195.3359041324532,67
2002-12-24,1257.7576237461276,67
2002-12-25,1348.4850377117525,67
2002-12-26,1460.6001325881925,67
2002-12-27,1570.4025257049132,67
2002-12-30,1733.4581825641708,67
2002-12-31,1890.9906411259212,67
2003-01-01,2047.5814789314093,67
2003-01-02,2199.925392145129,67
2003-01-03,2411.0137664335202,67
2003-01-06,2641.664438719496,67
2003-01-07,2644.6191178642334,67
2003-01-08,2648.5328871418324,67
2003-01-09,2730.9033231292406,67
2003-01-10,2796.8495439090207,67
2003-01-13,2697.4554543142476,67
2003-01-14,2532.400497680355,67
2003-01-15,2260.913953005592,67
2003-01-16,2072.155165503096,67
2003-01-17,1996.154845239085,67
2003-01-20,1847.608271807107,67
2003-01-21,1814.6265090579673,67
2003-01-22,1771.983704065017,67
2003-01-23,1725.3901820626431,67
2003-01-24,1698.5190248483834,67
2003-01-27,1642.4804370158233,67
2003-01-28,1591.4416013219766,67
2003-01-29,1591.7699104887877,67
2003-01-30,1575.6426792000807,67
2003-01-31,1617.309106462521,67
2003-02-03,1632.4568811752554,67
2003-02-04,1626.8687351748235,67
2003-02-05,1623.0400035815196,67
2003-02-06,1632.2863291058047,67
2003-02-07,1663.40302728394,67
2003-02-10,1693.932648575345,67
2003-02-11,1725.7809586944386,67
2003-02-12,1732.1275147429214,67
2003-02-13,1787.5420455952847,67
2003-02-14,1844.0834541974602,67
2003-02-17,1891.7664593998566,67
2003-02-18,1930.338501302199,67
2003-02-19,1973.5425853172571,67
2003-02-20,2002.9749795752293,67
2003-02-21,1994.251208506546,67
2003-02-24,1871.9029571603492,67
2003-02-25,1800.390752505483,67
2003-02-26,1751.1322866575563,67
2003-02-27,1718.7710292755016,67
2003-02-28,1664.6481999561763,67
2003-03-03,1633.8596735830722,67
2003-03-04,1591.6244104271204,67
2003-03-05,1511.6672749931336,67
2003-03-06,1387.0125275978037,67
2003-03-07,1306.5815953330732,67
2003-03-10,1232.2943225641473,67
2003-03-11,1173.1694242167782,67
2003-03-12,1142.6336340892503,67
2003-03-13,1125.3921763125288,67
2003-03-14,1117.8826747295752,67
2003-03-17,1118.0382818235228,67
2003-03-18,1125.3263542206425,67
2003-03-19,1134.5036072737926,67
2003-03-20,1142.6358089913585,67
2003-03-21,1150.571027836398,67
2003-03-24,1158.4157946830942,67
2003-03-25,1165.4919282665994,67
2003-03-26,1174.5021643817468,67
2003-03-27,1182.9646799589536,67
2003-03-28,1192.0889243492538,67
2003-03-31,1203.1716701677287,67
2003-04-01,1215.176867023927,67
2003-04-02,1227.2019283566801,67
2003-04-03,1251.0834128963725,67
2003-04-04,1271.2008095716487,67
2003-04-07,1278.6387052137893,67
2003-04-08,1297.190939309318,67
2003-04-09,1301.0710887438177,67
2003-04-10,1300.9009940760593,67
2003-04-11,1296.2131384208333,67
2003-04-14,1290.115364160369,67
2003-04-15,1265.906737828757,67
2003-04-16,1255.4123393624034,67
2003-04-17,1251.6391656002124,67
2003-04-18,1256.8374142597552,67
2003-04-21,1267.0465020790543,67
2003-04-22,1285.7558727977482,67
2003-04-23,1291.1790398767378,19
2003-04-24,1288.0081980383163,13
2003-04-25,1285.9535359613662,11
2003-04-28,1282.5345887522556,3
2003-04-29,1263.2119938744247,3
2003-04-30,1264.7341086526394,3
2003-05-01,1330.0099124783571,3
2003-05-02,1385.68691213729,3
2003-05-05,1375.2977001534264,3
2003-05-06,1479.9657095586595,3
2003-05-07,1514.0593269298452,3
2003-05-08,1633.6906639884244,3
2003-05-09,1735.8283055500215,1
2003-05-12,1779.7639538190447,3
2003-05-13,1829.0870908358618,3
2003-05-14,1812.263169015224,3
2003-05-15,1868.8892348974473,3
2003-05-16,1879.199801539485,3
2003-05-19,1908.436895686314,3
2003-05-20,1897.270274866354,3
2003-05-21,1898.3107252875018,3
2003-05-22,1897.7757370500913,3
2003-05-23,1810.1377301759305,3
2003-05-26,1774.3392924213415,3
2003-05-27,1734.9074514139513,3
2003-05-28,1695.3496722042692,3
2003-05-29,1625.6624734559687,3
2003-05-30,1600.592406416165,3
2003-06-02,1611.927768701938,3
2003-06-03,1592.2321719891165,3
2003-06-04,1612.5251849332558,3
2003-06-05,1596.2497604365428,3
2003-06-06,1620.7788426652905,3
2003-06-09,1611.5870727555798,3
2003-06-10,1605.5645122639205,3
2003-06-11,1621.2769431382435,3
2003-06-12,1617.9460085275482,3
2003-06-13,1596.4802036922638,3
2003-06-16,1596.4916729894444,3
2003-06-17,1599.672429992984,3
2003-06-18,1579.4790812984606,3
2003-06-19,1547.9834631291078,3
2003-06-20,1530.7129457475776,3
2003-06-23,1554.1474639715684,3
2003-06-24,1536.163055232117,15
2003-06-25,1481.1989776417552,67
2003-06-26,1417.2560130047104,67
2003-06-27,1378.3185678229033,67
2003-06-30,1357.5943700844448,67
2003-07-01,1345.9491997234063,67
2003-07-02,1328.625431289799,67
2003-07-03,1321.391981819092,67
2003-07-04,1320.602305965552,67
2003-07-07,1334.4480167167478,67
2003-07-08,1353.1790249885562,67
2003-07-09,1379.7975312607305,67
2003-07-10,1401.3106412494749,67
2003-07-11,1421.6430657034732,67
2003-07-14,1424.5856380193648,67
2003-07-15,1429.617952802603,67
2003-07-16,1432.6994386093102,63
2003-07-17,1431.7261588729648,63
2003-07-18,1414.9907301712337,63
2003-07-21,1397.6887766102584,67
2003-07-22,1395.8077079465352,67
2003-07-23,1388.5744104052862,67
2003-07-24,1383.5600087249986,67
2003-07-25,1351.1634661932173,67
2003-07-28,1332.836136656812,67
2003-07-29,1308.988810718787,67
2003-07-30,1305.3084252106496,67
2003-07-31,1308.7831226819612,67
2003-08-01,1317.3357011816402,67
2003-08-04,1329.4751646387722,67
2003-08-05,1351.7713131875557,67
2003-08-06,1391.066972416181,67
2003-08-07,1461.9689351661955,67
2003-08-08,1540.5657764243401,67
2003-08-11,1595.6520823931482,67
2003-08-12,1643.1637983015842,67
2003-08-13,1710.6558783460875,67
2003-08-14,1768.790230304413,67
2003-08-15,1812.186780981288,67
2003-08-18,1844.6987835074958,67
2003-08-19,1866.1578077567845,67
2003-08-20,1867.9815812585803,67
2003-08-21,1834.7521584734143,67
2003-08-22,1835.5980890951655,67
2003-08-25,1856.88233069091,67
2003-08-26,1869.983335478814,67
2003-08-27,1885.9426026280005,67
2003-08-28,1947.133617220012,67
2003-08-29,2012.8316484066677,67
2003-09-01,2062.328962189466,67
2003-09-02,2121.578481829883,67
2003-09-03,2162.587467411656,67
2003-09-04,2233.428673928353,67
2003-09-05,2325.1916667620026,67
2003-09-08,2426.7242570393905,67
2003-09-09,2533.138478920803,67
2003-09-10,2661.3204968617465,67
2003-09-11,2791.2239284570496,67
2003-09-12,2894.638540401477,67
2003-09-15,2965.064042142049,67
2003-09-16,3009.0897736042293,67
2003-09-17,2987.2149020295747,67
2003-09-18,2986.8650350748712,67
2003-09-19,2943.2623676342646,3
2003-09-22,2814.6706382094644,1
2003-09-23,2733.5219046571574,3
2003-09-24,2556.416968510314,3
2003-09-25,2243.8870612845317,1
2003-09-26,2263.563800776337,1
2003-09-29,2191.9828632687545,3
2003-09-30,2096.244972347594,67
2003-10-01,1960.9597106203419,67
2003-10-02,1690.472031156184,67
2003-10-03,1502.5767102510752,63
2003-10-06,1381.9365042638005,63
2003-10-07,1290.234551432701,63
2003-10-08,1196.1336001338275,63
2003-10-09,1115.987532781959,63
2003-10-10,1070.409038850839,63
2003-10-13,1073.5488236685421,63
2003-10-14,1088.2083996265892,63
2003-10-15,1077.089556924283,63
2003-10-16,1100.068788862608,63
2003-10-17,1129.9621765484292,63
2003-10-20,1187.7421624989374,67
2003-10-21,1253.5105901975721,63
2003-10-22,1327.4099866742765,63
2003-10-23,1406.6229669685197,63
2003-10-24,1489.7454678987856,63
2003-10-27,1591.2969149652877,63
2003-10-28,1701.4403713676388,63
2003-10-29,1791.3623852886724,63
2003-10-30,1891.7675856140115,67
2003-10-31,1929.3981476313832,67
2003-11-03,1990.5071796902082,63
2003-11-04,2071.3847456975013,65
2003-11-05,2105.0212222918653,65
2003-11-06,2067.9321759544455,65
2003-11-07,2014.167491081194,65
2003-11-10,2007.2289904658358,65
2003-11-11,1998.7629320970489,65
2003-11-12,1977.1293852027384,65
2003-11-13,1937.5415576857558,65
2003-11-14,1844.9758941959637,65
2003-11-17,1764.3599833106607,65
2003-11-18,1728.727622817141,65
2003-11-19,1686.0841302027693,65
2003-11-20,1671.584506955834,65
2003-11-21,1689.5557436022743,65
2003-11-24,1702.2143153909467,65
2003-11-25,1692.481351968592,65
2003-11-26,1637.1300107876598,65
2003-11-27,1601.4893540260553,65
2003-11-28,1593.9017218952038,67
2003-12-01,1575.5874669294524,65
2003-12-02,1555.6739531399826,65
2003-12-03,1553.2194588866173,67
2003-12-04,1612.3340055178326,65
2003-12-05,1676.3354979789503,65
2003-12-08,1742.659767908792,65
2003-12-09,1791.5104008278788,67
2003-12-10,1870.982487142569,67
2003-12-11,1981.9733878780044,67
2003-12-12,2053.0343682695093,67
2003-12-15,2111.6562565362237,67
2003-12-16,2165.487696966667,67
2003-12-17,2181.7787324165993,67
2003-12-18,2192.2296154020746,67
2003-12-19,2172.200932444122,67
2003-12-22,2055.8424008291004,65
2003-12-23,1224.426575897532,1
2003-12-24,1259.0840213523386,1
2003-12-25,1304.8335365255134,1
2003-12-26,1362.6444636478368,1
2003-12-29,1373.8895608646144,1
2003-12-30,1381.799558960679,1
2003-12-31,1360.9425751552033,1
2004-01-01,1295.9989441895573,1
2004-01-02,1315.8642110480237,1
2004-01-05,1300.2330297184665,65
2004-01-06,1304.4220984537399,65
2004-01-07,1292.2848317733506,65
2004-01-08,1281.4809379015546,1
2004-01-09,1253.6058714408964,1
2004-01-12,1250.5716992248315,65
2004-01-13,1187.382558962646,1
2004-01-14,1210.5387052028375,1
2004-01-15,1218.8468122248755,1
2004-01-16,1233.4586340294816,65
2004-01-19,1239.756719334873,65
2004-01-20,1249.120464186971,65
2004-01-21,1264.9221226125965,65
2004-01-22,1286.9890358742173,65
2004-01-23,1313.6211388895085,65
2004-01-26,1335.900734035926,65
2004-01-27,1358.6190288638031,65
2004-01-28,1374.3073473546285,65
2004-01-29,1387.9799530047776,65
2004-01-30,1400.8493815252482,65
2004-02-02,1401.8621726857723,1
2004-02-03,1407.9407411982766,1
2004-02-04,1422.7073997684195,65
2004-02-05,1413.947764453717,63
2004-02-06,1424.8187774966705,63
2004-02-09,1421.00777574564,63
2004-02-10,1287.556350940625,1
2004-02-11,1257.1577902278602,1
2004-02-12,1254.326868399584,1
2004-02-13,1250.6094478406649,1
2004-02-16,1254.3341351528506,65
2004-02-17,1200.9571706769016,1
2004-02-18,1185.0070247280169,1
2004-02-19,1172.8456105196353,65
2004-02-20,1082.8319177792382,1
2004-02-23,1089.0064845860456,1
2004-02-24,1087.4007109738848,1
2004-02-25,1079.699691253266,39
2004-02-26,1069.7072843785809,39
2004-02-27,1056.7806586109764,33
2004-03-01,1041.4283318219673,31
2004-03-02,1042.1935251303996,31
2004-03-03,1036.637891680148,31
2004-03-04,1013.5661340719126,25
2004-03-05,997.397881696211,17
2004-03-08,989.5576877308933,17
2004-03-09,982.0236023088614,11
2004-03-10,984.0265781941296,11
2004-03-11,989.1819358558764,11
2004-03-12,998.1280687961596,11
2004-03-15,996.7610355899013,11
2004-03-16,999.0731704118504,3
2004-03-17,995.458614704514,3
2004-03-18,985.9684035631425,3
2004-03-19,992.5218892048499,3
2004-03-22,998.3029583290603,3
2004-03-23,1006.6968680877527,3
2004-03-24,993.431563379745,3
2004-03-25,995.8412969268381,3
2004-03-26,1001.0650709222122,3
2004-03-29,1002.1195917439537,11
2004-03-30,995.2352517134626,11
2004-03-31,998.3509954606931,11
2004-04-01,1008.9019349442208,3
2004-04-02,1013.406914778437,11
2004-04-05,1018.093112377173,11
2004-04-06,1022.8064852266705,11
2004-04-07,1029.6122712905712,3
2004-04-08,1038.8698750284266,3
2004-04-09,1051.0682165128592,3
2004-04-12,1063.5867751696123,3
2004-04-13,1075.1986066274412,3
2004-04-14,1079.7735818715369,11
2004-04-15,1086.8901710885102,11
2004-04-16,1100.5201256496362,11
2004-04-19,1113.0003813292965,11
2004-04-20,1129.1086578043964,11
2004-04-21,1148.5806796120776,3
2004-04-22,1168.7203902409667,3
2004-04-23,1193.4082198482113,3
2004-04-26,1218.7429425020016,3
2004-04-27,1237.8424546902872,3
2004-04-28,1275.1143072072914,3
2004-04-29,1315.7471586277763,3
2004-04-30,1344.2231420564428,3
2004-05-03,1368.0737760954075,3
2004-05-04,1398.4142284222935,3
2004-05-05,1430.6480189939368,3
2004-05-06,1500.499049077651,3
2004-05-07,1533.0298273722724,3
2004-05-10,1644.3581209235915,3
2004-05-11,1729.2097178084612,3
2004-05-12,1887.6098065985718,9
2004-05-13,2034.9127321702424,9
2004-05-14,2135.446747630842,9
2004-05-17,2197.322840511095,9
2004-05-18,2166.1911467764257,3
2004-05-19,2178.4680101052336,3
2004-05-20,2172.5886166950027,3
2004-05-21,2180.4848958717566,3
2004-05-24,2213.6089028918364,3
2004-05-25,2261.3674816881853,3
2004-05-26,2352.9457951577556,3
2004-05-27,2437.9744626583465,3
2004-05-28,2463.3445143625086,3
2004-05-31,2478.9408699847313,3
2004-06-01,2534.3777064968413,3
2004-06-02,2525.573470846231,3
2004-06-03,2578.3015488285964,3
2004-06-04,2648.6962935122156,3
2004-06-07,2695.224089167007,3
2004-06-08,2624.8229532861765,3
2004-06-09,2485.8249829381043,1
2004-06-10,2494.2002633473508,3
2004-06-11,2479.3419381548115,3
2004-06-14,2540.3243249927345,3
2004-06-15,2565.6245534580416,9
2004-06-16,2584.719424840539,9
2004-06-17,2602.3416745945074,9
2004-06-18,2614.4259133687483,11
2004-06-21,2624.678875932173,15
2004-06-22,2605.2050742062565,3
2004-06-23,2222.3696309395427,1
2004-06-24,2141.3521875071588,1
2004-06-25,2113.158302493292,3
2004-06-28,2115.4806967793866,3
2004-06-29,2106.916985007069,3
2004-06-30,2108.9550060167994,3
2004-07-01,2122.458432199469,3
2004-07-02,2144.215141469246,3
2004-07-05,2135.0791726486063,31
2004-07-06,2143.4538672091126,31
2004-07-07,2165.0999119408075,35
2004-07-08,2193.637446242095,35
2004-07-09,2231.157350570269,39
2004-07-12,2269.697188494171,35
2004-07-13,2310.6088541762724,39
2004-07-14,2346.238175642261,39
2004-07-15,2389.425558610018,41
2004-07-16,2427.904590686084,51
2004-07-19,2463.692664549879,51
2004-07-20,2502.5529021003545,51
2004-07-21,2544.972733059641,59
2004-07-22,2588.1091419435825,59
2004-07-23,2634.682673503956,59
2004-07-26,2676.8936438020014,59
2004-07-27,2717.5262403752763,59
2004-07-28,2762.994293349251,59
2004-07-29,2810.4192193805534,59
2004-07-30,2861.433790948743,59
2004-08-02,2910.964360881497,59
2004-08-03,2958.9390066022447,59
2004-08-04,3008.585849389408,59
2004-08-05,3058.6465891040584,59
2004-08-06,3107.5793993227476,59
2004-08-09,3153.4511020835052,59
2004-08-10,3199.9440585855887,59
2004-08-11,3239.5023833664645,59
2004-08-12,3282.893616989686,59
2004-08-13,3325.1838238931496,59
2004-08-16,3387.757638962644,59
2004-08-17,3450.941781361813,63
2004-08-18,3519.6791918034337,59
2004-08-19,3589.8772205252917,63
2004-08-20,3666.477194875534,63
2004-08-23,3740.3942090927967,63
2004-08-24,3810.291604454105,63
2004-08-25,3880.3777460742567,63
2004-08-26,3949.9867832377404,63
2004-08-27,4015.190549770277,63
2004-08-30,4075.1820228177708,63
2004-08-31,4137.030100947096,63
2004-09-01,4200.088384284722,63
2004-09-02,4255.250413735196,63
2004-09-03,4310.082267026892,63
2004-09-06,4366.857127607275,63
2004-09-07,4422.364387660442,63
2004-09-08,4472.3956475973655,63
2004-09-09,4522.68225794872,63
2004-09-10,4581.196286877795,63
2004-09-13,4638.527934378847,63
2004-09-14,4691.388210209849,63
2004-09-15,4738.719931445445,63
2004-09-16,4810.2278939394,63
2004-09-17,4903.091439566083,63
2004-09-20,4990.9310394097165,63
2004-09-21,5081.815199044255,63
2004-09-22,5171.064695687834,63
2004-09-23,5263.706713379089,67
2004-09-24,5346.204945029558,67
2004-09-27,5428.153394068981,67
2004-09-28,5526.379895401501,67
2004-09-29,5631.525734842226,67
2004-09-30,5729.973799812281,67
2004-10-01,5822.695486655556,67
2004-10-04,5911.398748818076,67
2004-10-05,6008.058208833926,67
2004-10-06,6103.104434525784,59
2004-10-07,6199.285188858729,59
2004-10-08,6298.085595626955,59
2004-10-11,6418.9810287783075,59
2004-10-12,6540.676150779568,59
2004-10-13,6671.757249492944,59
2004-10-14,6825.646740519596,59
2004-10-15,6979.097058297465,59
2004-10-18,7099.656831394324,59
2004-10-19,7240.373756398697,59
2004-10-20,7398.9925025082775,59
2004-10-21,7563.776764724628,59
2004-10-22,7722.162768672633,59
2004-10-25,7876.759910683298,59
2004-10-26,8027.657634721235,59
2004-10-27,8165.227188607461,59
2004-10-28,8291.6669430646,59
2004-10-29,8418.67681962267,59
2004-11-01,8555.475066304429,61
2004-11-02,8710.27144391355,63
2004-11-03,8856.814624989687,63
2004-11-04,9012.803314792955,67
2004-11-05,9134.38224756687,67
2004-11-08,9193.969003437127,67
2004-11-09,9246.061003554592,67
2004-11-10,9326.580298747875,67
2004-11-11,9392.856464107748,67
2004-11-12,9451.78785568026,39
2004-11-15,9508.29398606009,39
2004-11-16,9555.699359981423,39
2004-11-17,9625.574628622104,39
2004-11-18,9655.036682216696,39
2004-11-19,9655.916511456855,41
2004-11-22,9596.135886498401,39
2004-11-23,9591.168693873584,39
2004-11-24,9595.090662150542,41
2004-11-25,9561.970519370652,41
2004-11-26,9564.620191703369,41
2004-11-29,9559.184990528494,41
2004-11-30,9558.923955752336,41
2004-12-01,9589.301254342621,41
2004-12-02,9632.02954700938,63
2004-12-03,9675.019190898876,63
2004-12-06,9708.463552382487,63
2004-12-07,9739.876709978675,63
2004-12-08,9762.716637213463,61
2004-12-09,9606.583717078403,1
2004-12-10,9491.634150812026,3
2004-12-13,9363.460573755045,3
2004-12-14,9407.061413662013,3
2004-12-15,9525.15022759625,57
2004-12-16,9567.568409644246,59
2004-12-17,9581.140143559467,63
2004-12-20,9628.085580669922,63
2004-12-21,9715.738023858883,63
2004-12-22,9823.337885494906,67
2004-12-23,9917.441929357026,67
2004-12-24,9989.510509338024,67
2004-12-27,10067.717274410064,67
2004-12-28,10143.361196955875,63
2004-12-29,10229.364061195378,63
2004-12-30,10322.446365728854,65
2004-12-31,10400.103431007525,65
2005-01-03,10486.005833553249,67
2005-01-04,10544.09603301651,67
2005-01-05,10584.437286546086,65
2005-01-06,10580.156600435472,63
2005-01-07,10591.336019492293,63
2005-01-10,10531.38059623845,63
2005-01-11,10491.276207948458,63
2005-01-12,10487.748720099802,63
2005-01-13,10455.593140295152,3
2005-01-14,10347.420013264005,3
2005-01-17,10292.418807956681,3
2005-01-18,10362.845292735017,3
2005-01-19,10426.42477408113,3
2005-01-20,10483.589609958915,57
2005-01-21,10556.401665839887,57
2005-01-24,10599.168677396758,57
2005-01-25,10673.783871180127,59
2005-01-26,10722.395689778614,57
2005-01-27,10794.55677218791,59
2005-01-28,10808.57851874597,59
2005-01-31,10845.983124395574,59
2005-02-01,10901.427401229881,57
2005-02-02,10954.945136560078,59
2005-02-03,11014.614324604689,31
2005-02-04,11099.118001845438,59
2005-02-07,11186.921532129574,59
2005-02-08,11280.412893202802,59
2005-02-09,11381.845284713923,59
2005-02-10,11301.825708634195,1
2005-02-11,11492.552697948699,31
2005-02-14,11575.676193744786,31
2005-02-15,11652.106863331035,31
2005-02-16,11775.650875571831,31
2005-02-17,11885.331108449269,31
2005-02-18,11995.767781468763,31
2005-02-21,12099.999555078388,31
2005-02-22,12205.838256215504,31
2005-02-23,12328.405255410185,35
2005-02-24,12454.597173816046,31
2005-02-25,12588.408135818216,35
2005-02-28,12716.608004151263,31
2005-03-01,12829.613775877784,3
2005-03-02,12954.781663043463,3
2005-03-03,12701.663830538166,1
2005-03-04,12830.352910884907,1
2005-03-07,12936.89607782441,3
2005-03-08,13078.567568436021,3
2005-03-09,13223.615329841268,3
2005-03-10,13352.431519029416,3
2005-03-11,13252.071245234434,1
2005-03-14,13436.691190837273,1
2005-03-15,13544.26977835982,1
2005-03-16,13649.583406780503,1
2005-03-17,13819.479092561469,1
2005-03-18,13898.77642408632,1
2005-03-21,14025.731423614528,3
2005-03-22,14142.636498849475,3
2005-03-23,14216.18262643672,3
2005-03-24,14113.887494920711,1
2005-03-25,14267.742621887472,1
2005-03-28,14344.4868291816,3
2005-03-29,14450.516679679029,3
2005-03-30,14565.346913615675,3
2005-03-31,14601.606365594711,1
2005-04-01,14744.662252308335,3
2005-04-04,14757.005813452035,3
2005-04-05,14773.405577267398,3
2005-04-06,14507.022395556514,1
2005-04-07,13830.637237774707,1
2005-04-08,13872.403638787064,1
2005-04-11,13712.06970009381,1
2005-04-12,13746.744629865118,3
2005-04-13,13598.255310882829,1
2005-04-14,13221.600323457546,1
2005-04-15,13365.559940035428,1
2005-04-18,12955.259703597518,1
2005-04-19,12932.514172871992,1
2005-04-20,13026.972770210696,1
2005-04-21,13168.75995280053,1
2005-04-22,12719.778043968558,1
2005-04-25,12848.064038011364,1
2005-04-26,12915.631588777414,1
2005-04-27,12688.735004495424,1
2005-04-28,12382.724342910567,1
2005-04-29,12324.305847000815,1
2005-05-02,12441.181618735622,1
2005-05-03,12380.686370269712,1
2005-05-04,12196.499675073694,1
2005-05-05,12136.377065087296,1
2005-05-06,12051.481160302581,1
2005-05-09,11707.452851509803,1
2005-05-10,11780.53022109539,1
2005-05-11,11690.209387968702,1
2005-05-12,11602.151656430862,1
2005-05-13,11780.77796228284,1
2005-05-16,12092.9935137413,1
2005-05-17,12110.403253902135,1
2005-05-18,12119.506692180657,1
2005-05-19,12210.334091057539,1
2005-05-20,12273.603008121407,1
2005-05-23,12329.265258528902,1
2005-05-24,12265.758420077927,1
2005-05-25,12184.884664809008,1
2005-05-26,11586.257513272529,1
2005-05-27,11308.277433529905,1
2005-05-30,11417.916317272142,1
2005-05-31,11496.711068404722,1
2005-06-01,11585.603821255467,1
2005-06-02,11821.97945714726,1
2005-06-03,11688.480467803418,1
2005-06-06,11745.976291672434,1
2005-06-07,12331.466725734326,1
2005-06-08,12304.380361372321,1
2005-06-09,12681.932053370387,1
2005-06-10,12794.188034827654,1
2005-06-13,13576.916050287298,1
2005-06-14,14232.239172293293,1
2005-06-15,14180.803502204955,1
2005-06-16,14163.545871937808,1
2005-06-17,14118.375497124909,1
2005-06-20,14196.19882884454,1
2005-06-21,14221.996095346192,1
2005-06-22,14313.398596330657,1
2005-06-23,14591.776382913287,1
2005-06-24,14710.438849349117,1
2005-06-27,14670.133179071092,1
2005-06-28,14498.768871420827,1
2005-06-29,14324.258018132054,1
2005-06-30,14166.039165980561,1
2005-07-01,14100.318121284,1
2005-07-04,14022.460564150895,1
2005-07-05,13411.316563573939,1
2005-07-06,13381.031437148573,1
2005-07-07,12831.74903916633,1
2005-07-08,12774.164843389832,1
2005-07-11,11461.932093697835,1
2005-07-12,10266.180100436466,1
2005-07-13,10514.64325965382,1
2005-07-14,10003.487115693582,1
2005-07-15,9996.382542307743,1
2005-07-18,9994.953975330434,1
2005-07-19,10195.830573548736,1
2005-07-20,10013.176512097974,1
2005-07-21,9345.478393827441,1
2005-07-22,9291.81419056147,1
2005-07-25,9286.948241846518,1
2005-07-26,9054.362708480712,1
2005-07-27,9405.958032676785,1
2005-07-28,9702.182482463575,1
2005-07-29,9558.035994276781,1
2005-08-01,9296.168519169405,1
2005-08-02,9045.301110620161,1
2005-08-03,9113.824388528972,1
2005-08-04,9379.417686658018,1
2005-08-05,9170.721557702916,1
2005-08-08,9136.859473791827,1
2005-08-09,9167.083658149544,1
2005-08-10,9081.494236225224,1
2005-08-11,8990.836851678863,1
2005-08-12,8716.978161501587,1
2005-08-15,8658.392023394561,1
2005-08-16,8654.293797386186,1
2005-08-17,7919.372607851832,1
2005-08-18,7221.582590270364,1
2005-08-19,6978.029808775596,1
2005-08-22,6963.308372779155,1
2005-08-23,6874.070891205977,1
2005-08-24,6799.375660647094,1
2005-08-25,6861.758411342386,1
2005-08-26,6763.395761606578,5
2005-08-29,6651.695672051551,5
2005-08-30,6628.308389283753,5
2005-08-31,6659.986301428471,9
2005-09-01,6656.651372327034,9
2005-09-02,6681.190728445624,25
2005-09-05,6770.616858423245,25
2005-09-06,6863.427364841297,25
2005-09-07,6945.88391316198,39
2005-09-08,7024.340026121419,39
2005-09-09,7142.9289773630635,45
2005-09-12,7287.388472852266,45
2005-09-13,7334.403462396284,55
2005-09-14,7412.179232735431,55
2005-09-15,7551.758969507877,63
2005-09-16,7803.199455438394,39
2005-09-19,7981.253735909738,39
2005-09-20,8092.895746108456,25
2005-09-21,8160.482186671615,1
2005-09-22,8266.392650411648,25
2005-09-23,8320.644976519281,3
2005-09-26,8302.291101266866,3
2005-09-27,8356.319418400293,3
2005-09-28,8382.756577520086,39
2005-09-29,8318.047583041549,39
2005-09-30,8234.486295406185,39
2005-10-03,8167.341368717817,45
2005-10-04,8131.112483720153,45
2005-10-05,8135.240573570516,45
2005-10-06,8075.465835648984,45
2005-10-07,7975.147562447266,45
2005-10-10,7879.3628813187,45
2005-10-11,7786.678449515227,45
2005-10-12,7647.064394263428,45
2005-10-13,7506.2086873678245,63
2005-10-14,7372.679610334847,63
2005-10-17,7241.924266286329,63
2005-10-18,7171.160853874607,63
2005-10-19,7136.504618366885,63
2005-10-20,7090.160969409213,63
2005-10-21,7042.6593413868295,67
2005-10-24,7007.789978551621,67
2005-10-25,6994.658493200342,67
2005-10-26,7002.092206096787,67
2005-10-27,7035.935348868928,67
2005-10-28,7065.585644472062,67
2005-10-31,7101.951103473147,67
2005-11-01,7119.30121587118,67
2005-11-02,7151.325179251281,67
2005-11-03,7176.623658133823,67
2005-11-04,7213.310181654089,67
2005-11-07,7250.074860287696,67
2005-11-08,7286.298898890168,67
2005-11-09,7346.482761099516,67
2005-11-10,7400.064031056518,67
2005-11-11,7470.294010790283,67
2005-11-14,7524.620752890183,67
2005-11-15,7596.29008780745,67
2005-11-16,7643.61474663179,67
2005-11-17,7702.015084075215,67
2005-11-18,7753.515988361776,67
2005-11-21,7785.548495962457,67
2005-11-22,7779.604323347452,67
2005-11-23,7776.352772985667,67
2005-11-24,7736.026976705626,67
2005-11-25,7676.840605753958,67
2005-11-28,7628.0090024355795,67
2005-11-29,7611.602664667309,67
2005-11-30,7605.870365354729,67
2005-12-01,7572.064513068915,67
2005-12-02,7550.678592323562,67
2005-12-05,7547.183930876393,67
2005-12-06,7544.675535183111,67
2005-12-07,7542.8846680317265,67
2005-12-08,7566.103488985564,67
2005-12-09,7593.3426829352475,67
2005-12-12,7629.829289804037,67
2005-12-13,7674.792974834807,67
2005-12-14,7716.183987967066,67
2005-12-15,7757.292897691504,67
2005-12-16,7801.345698272786,67
2005-12-19,7844.000824829357,67
2005-12-20,7886.718856081347,67
2005-12-21,7920.9816504368055,67
2005-12-22,7950.850713140391,67
2005-12-23,7989.744236760173,67
2005-12-26,8030.419219230909,67
2005-12-27,8068.7030806723515,67
2005-12-28,8110.534900454205,67
2005-12-29,8149.649126918389,67
2005-12-30,8189.698864939459,67
2006-01-02,8226.639296204972,67
2018-01-03,1682.551363904857,9
2018-01-04,1667.3491742261665,9
2018-01-05,1618.0176359563745,9
2018-01-08,1562.4302284939274,9
2018-01-09,1529.5900725017518,9
2018-01-10,1484.945088774349,9
2018-01-11,1471.6818084296726,9
2018-01-12,1430.6948936083336,7
2018-01-15,1401.93700145394,9
2018-01-16,1321.9888594840747,7
2018-01-17,1302.2194767507349,7
2018-01-18,1290.7757940353908,9
2018-01-19,1271.075075146555,9
2018-01-22,1251.6575906680614,9
2018-01-23,1266.2580034803054,9
2018-01-24,1263.7009754665157,11
2018-01-25,1257.7611105775748,11
2018-01-26,1243.029547432128,11
2018-01-29,1221.908425793882,11
2018-01-30,1187.950899013111,11
2018-01-31,1160.9027771655847,11
2018-02-01,1126.9659759641725,11
2018-02-02,1109.7053102678365,11
2018-02-05,1106.9428181026321,11
2018-02-06,1130.7771621510442,11
2018-02-07,1163.3153904984201,7
2018-02-08,1186.4310423105583,7
2018-02-09,1176.174989275267,11
2018-02-12,1166.8172347235368,11
2018-02-13,1161.115229261236,11
2018-02-14,1154.8232696583032,11
2018-02-15,1148.1191740059871,11
2018-02-16,1148.3715803566797,11
2018-02-19,1151.7650349188025,11
2018-02-20,1158.050196842656,11
2018-02-21,1167.929685673653,11
2018-02-22,1171.411158661451,11
2018-02-23,1176.4528279124568,11
2018-02-26,1186.166702835643,11
2018-02-27,1189.9961132854783,11
2018-02-28,1192.8006627617983,11
2018-03-01,1195.1856448449328,11
2018-03-02,1204.1504435595375,11
2018-03-05,1213.5656107443788,11
2018-03-06,1227.6824420392554,11
2018-03-07,1247.924504349693,11
2018-03-08,1255.3901717011304,11
2018-03-09,1261.7878022232514,11
2018-03-12,1258.5741633238863,7
2018-03-13,1269.1819888584212,11
2018-03-14,1274.8004178106257,11
2018-03-15,1270.7108913417928,11
2018-03-16,1270.0446397195433,11
2018-03-19,1274.143764950959,11
2018-03-20,1283.460100167108,11
2018-03-21,1289.5946121415016,11
2018-03-22,1290.0902738965865,11
2018-03-23,1295.2489929330222,11
2018-03-26,1299.1211178854753,11
2018-03-27,1303.947299631913,11
2018-03-28,1309.794147937875,11
2018-03-29,1315.1010997447538,11
2018-03-30,1322.817021557137,11
2018-04-02,1331.512466219821,11
2018-04-03,1339.7511201695588,11
2018-04-04,1345.842299243649,11
2018-04-05,1356.3615757673458,11
2018-04-06,1359.8665297875687,11
2018-04-09,1370.3300952320353,11
2018-04-10,1378.4774633504414,11
2018-04-11,1389.2768540017037,11
2018-04-12,1400.087356993717,11
2018-04-13,1408.6082095142874,11
2018-04-16,1416.9950306166243,11
2018-04-17,1425.7063143201226,11
2018-04-18,1435.8980099903833,11
2018-04-19,1446.3812916523796,11
2018-04-20,1457.8462487798172,11
2018-04-23,1470.1106158856956,11
2018-04-24,1487.7605463548025,11
2018-04-25,1515.7192694068226,11
2018-04-26,1532.0204255815354,11
2018-04-27,1546.0985254615266,11
2018-04-30,1575.1093018598344,11
2018-05-01,1599.189163379745,11
2018-05-02,1641.7411826413982,11
2018-05-03,1682.7255898413994,11
2018-05-04,1719.317694294136,11
2018-05-07,1766.0593947332625,11
2018-05-08,1808.7131134518352,11
2018-05-09,1851.8657471701624,11
2018-05-10,1916.4145252671176,11
2018-05-11,1958.6109286743942,11
2018-05-14,2022.9253732789064,11
2018-05-15,2046.5345922979818,11
2018-05-16,2046.9027175995584,11
2018-05-17,2052.342143076264,11
2018-05-18,2076.4315386012718,11
2018-05-21,2120.281657516067,11
2018-05-22,2184.9879579252915,11
2018-05-23,2270.5946994163005,11
2018-05-24,2344.7748475520543,11
2018-05-25,2338.6402594810647,11
2018-05-28,2282.996795774272,11
2018-05-29,2274.6879557389243,11
2018-05-30,2243.1023967752103,11
2018-05-31,2205.6758968698673,11
2018-06-01,2200.391978073933,11
2018-06-04,2251.4946699416137,11
2018-06-05,2281.297836762591,11
2018-06-06,2342.9498506795585,11
2018-06-07,2401.081821534625,11
2018-06-08,2448.143189300078,3
2018-06-11,2510.5113043463416,7
2018-06-12,2485.589621189377,7
2018-06-13,2469.25335661731,7
2018-06-14,2489.7934639222312,7
2018-06-15,2470.688353827555,7
2018-06-18,2481.1017202577873,7
2018-06-19,2456.1339356314174,7
2018-06-20,2442.857831422097,7
2018-06-21,2364.940396681291,3
2018-06-22,2334.697271055649,3
2018-06-25,2314.017748603925,7
2018-06-26,2304.6847991889836,7
2018-06-27,2273.915162764681,1
2018-06-28,2265.931939023374,7
2018-06-29,2246.6677614096357,3
2018-07-02,2321.0913403831596,3
2018-07-03,2431.0575906737645,7
2018-07-04,2492.367001458634,7
2018-07-05,2564.665674380697,9
2018-07-06,2602.605609748826,3
2018-07-09,2635.3004779448893,3
2018-07-10,2670.863884475446,3
2018-07-11,2655.9217778795633,3
2018-07-12,2677.5248045950643,3
2018-07-13,2641.2940314909683,3
2018-07-16,2648.07486262957,3
2018-07-17,2578.0672212835443,3
2018-07-18,2449.7855836713534,3
2018-07-19,2281.828240442374,3
2018-07-20,2201.6009534171167,3
2018-07-23,2172.748557977151,3
2018-07-24,2188.027271356741,3
2018-07-25,2075.2779556484134,3
2018-07-26,2030.3397587212287,3
2018-07-27,2033.080445618092,3
2018-07-30,2032.1797901723464,7
2018-07-31,2025.10606856172,7
2018-08-01,1971.1632014185252,7
2018-08-02,1912.8745480860055,7
2018-08-03,1909.2947709657626,7
2018-08-06,1858.5882168093003,7
2018-08-07,1770.8094444151188,1
2018-08-08,1759.8481434297776,3
2018-08-09,1593.2510005329673,3
2018-08-10,1602.8367044836361,3
2018-08-13,1608.0221496532663,9
2018-08-14,1564.1023392346592,3
2018-08-15,1514.5669702341056,3
2018-08-16,1474.7300040750356,3
2018-08-17,1447.0649578750294,3
2018-08-20,1397.513458734294,3
2018-08-21,1407.5120350614834,3
2018-08-22,1343.6307977881365,9
2018-08-23,1352.0476094023081,3
2018-08-24,1329.9905572811883,3
2018-08-27,1353.508386907393,3
2018-08-28,1253.3356725838319,1
2018-08-29,1220.0442328413935,1
2018-08-30,965.2366430492641,1
2018-08-31,755.3757710880612,1
2018-09-03,586.7832883671948,1
2018-09-04,465.7284743833449,5
2018-09-05,400.3727806143856,11
2018-09-06,382.3094045976501,5
2018-09-07,374.1589663293077,7
2018-09-10,339.0026432422257,11
2018-09-11,270.2077605428199,17
2018-09-12,239.25679555090815,17
2018-09-13,194.45445524132276,31
2018-09-14,174.28006735407257,31
2018-09-17,175.04471614280047,33
2018-09-18,183.42400024412512,33
2018-09-19,200.60108677797464,47
2018-09-20,210.04037835676445,15
2018-09-21,204.68802520560118,49
2018-09-24,216.84880653322034,15
2018-09-25,200.9218542611367,17
2018-09-26,185.08166520871828,17
2018-09-27,176.276903828303,27
2018-09-28,171.63213014469025,53
2018-10-01,143.93841116975528,59
2018-10-02,143.5119312963443,59
2018-10-03,158.23467948717857,13
