Date,Cash Price ($/MT)
2005-01-03,14877.0
2005-01-04,14201.0
2005-01-05,14423.0
2005-01-06,14550.0
2005-01-07,15095.0
2005-01-10,14989.0
2005-01-11,15186.0
2005-01-12,14865.0
2005-01-13,14801.0
2005-01-14,14660.0
2005-01-17,14792.0
2005-01-18,14662.0
2005-01-19,14428.0
2005-01-20,14283.0
2005-01-21,14075.0
2005-01-24,14150.0
2005-01-25,14228.0
2005-01-26,14415.0
2005-01-27,14450.0
2005-01-28,14455.0
2005-01-31,14567.0
2005-02-01,14567.0
2005-02-02,14612.0
2005-02-03,14795.0
2005-02-04,14515.0
2005-02-07,14728.0
2005-02-08,15230.0
2005-02-09,15223.0
2005-02-10,15392.0
2005-02-11,15335.0
2005-02-14,15265.0
2005-02-15,15688.0
2005-02-16,15455.0
2005-02-17,15338.0
2005-02-18,15730.0
2005-02-21,15785.0
2005-02-22,15914.0
2005-02-23,16185.0
2005-02-24,15965.0
2005-02-25,16165.0
2005-02-28,16425.0
2005-03-01,15845.0
2005-03-02,15675.0
2005-03-03,16360.0
2005-03-04,16375.0
2005-03-07,16345.0
2005-03-08,16490.0
2005-03-09,16340.0
2005-03-10,16195.0
2005-03-11,16303.0
2005-03-14,16125.0
2005-03-15,16295.0
2005-03-16,16325.0
2005-03-17,16160.0
2005-03-18,16665.0
2005-03-21,16445.0
2005-03-22,16545.0
2005-03-23,16235.0
2005-03-24,16085.0
2005-03-25,16085.0
2005-03-28,16085.0
2005-03-29,15860.0
2005-03-30,16045.0
2005-03-31,16325.0
2005-04-01,16015.0
2005-04-04,16090.0
2005-04-05,15955.0
2005-04-06,16635.0
2005-04-07,16435.0
2005-04-08,16313.0
2005-04-11,16355.0
2005-04-12,15705.0
2005-04-13,15390.0
2005-04-14,15642.0
2005-04-15,16060.0
2005-04-18,15670.0
2005-04-19,16325.0
2005-04-20,16395.0
2005-04-21,16270.0
2005-04-22,16350.0
2005-04-25,16295.0
2005-04-26,16130.0
2005-04-27,16045.0
2005-04-28,16240.0
2005-04-29,16590.0
2005-05-02,16590.0
2005-05-03,16175.0
2005-05-04,16290.0
2005-05-05,16765.0
2005-05-06,16695.0
2005-05-09,17205.0
2005-05-10,17715.0
2005-05-11,17580.0
2005-05-12,17910.0
2005-05-13,17580.0
2005-05-16,17200.0
2005-05-17,16845.0
2005-05-18,16850.0
2005-05-19,16655.0
2005-05-20,16620.0
2005-05-23,16760.0
2005-05-24,16945.0
2005-05-25,17100.0
2005-05-26,17150.0
2005-05-27,16955.0
2005-05-30,16955.0
2005-05-31,17050.0
2005-06-01,16805.0
2005-06-02,17165.0
2005-06-03,17440.0
2005-06-06,17230.0
2005-06-07,16510.0
2005-06-08,16300.0
2005-06-09,16555.0
2005-06-10,16400.0
2005-06-13,16705.0
2005-06-14,16490.0
2005-06-15,16635.0
2005-06-16,16545.0
2005-06-17,16555.0
2005-06-20,16515.0
2005-06-21,16060.0
2005-06-22,15725.0
2005-06-23,15020.0
2005-06-24,14690.0
2005-06-27,14730.0
2005-06-28,14830.0
2005-06-29,14855.0
2005-06-30,14730.0
2005-07-01,14670.0
2005-07-04,14315.0
2005-07-05,14520.0
2005-07-06,14895.0
2005-07-07,14835.0
2005-07-08,14975.0
2005-07-11,15025.0
2005-07-12,15020.0
2005-07-13,14470.0
2005-07-14,14575.0
2005-07-15,14529.5
2005-07-18,14315.0
2005-07-19,14295.0
2005-07-20,14775.0
2005-07-21,14550.0
2005-07-22,14545.0
2005-07-25,14285.0
2005-07-26,14335.0
2005-07-27,14285.0
2005-07-28,14650.0
2005-07-29,14475.0
2005-08-01,14575.0
2005-08-02,14315.0
2005-08-03,14555.0
2005-08-04,14435.0
2005-08-05,14485.0
2005-08-08,14710.0
2005-08-09,14640.0
2005-08-10,15015.0
2005-08-11,15085.0
2005-08-12,15570.0
2005-08-15,15720.0
2005-08-16,15500.0
2005-08-17,15233.0
2005-08-18,15073.0
2005-08-19,14993.0
2005-08-22,15360.0
2005-08-23,15095.0
2005-08-24,15010.0
2005-08-25,15005.0
2005-08-26,14900.0
2005-08-29,14900.0
2005-08-30,14870.0
2005-08-31,15020.0
2005-09-01,15300.0
2005-09-02,15435.0
2005-09-05,15335.0
2005-09-06,15020.0
2005-09-07,14680.0
2005-09-08,14670.0
2005-09-09,14545.0
2005-09-12,14745.0
2005-09-13,14525.0
2005-09-14,14155.0
2005-09-15,13170.0
2005-09-16,13370.0
2005-09-19,13720.0
2005-09-20,13690.0
2005-09-21,13745.0
2005-09-22,13636.0
2005-09-23,13775.0
2005-09-26,13850.0
2005-09-27,13480.0
2005-09-28,13495.0
2005-09-29,13534.0
2005-09-30,13525.0
2005-10-03,13420.0
2005-10-04,13190.0
2005-10-05,13261.0
2005-10-06,13205.0
2005-10-07,13131.0
2005-10-10,12728.0
2005-10-11,12766.0
2005-10-12,12630.0
2005-10-13,12155.0
2005-10-14,12190.5
2005-10-17,12555.0
2005-10-18,12315.0
2005-10-19,12035.0
2005-10-20,12087.0
2005-10-21,11992.0
2005-10-24,11865.0
2005-10-25,11733.0
2005-10-26,11805.0
2005-10-27,12075.0
2005-10-28,11970.0
2005-10-31,11945.0
2005-11-01,11563.0
2005-11-02,11617.0
2005-11-03,11505.0
2005-11-04,11667.0
2005-11-07,12137.0
2005-11-08,12230.0
2005-11-09,11881.0
2005-11-10,11855.0
2005-11-11,11840.0
2005-11-14,11846.0
2005-11-15,11863.0
2005-11-16,11722.0
2005-11-17,11952.0
2005-11-18,12380.0
2005-11-21,12915.0
2005-11-22,12575.0
2005-11-23,12635.0
2005-11-24,13080.0
2005-11-25,13070.0
2005-11-28,13050.0
2005-11-29,13012.0
2005-11-30,12776.0
2005-12-01,12717.0
2005-12-02,13037.0
2005-12-05,13293.0
2005-12-06,13300.0
2005-12-07,13342.0
2005-12-08,13915.0
2005-12-09,14199.0
2005-12-12,14165.0
2005-12-13,14095.0
2005-12-14,13607.0
2005-12-15,13523.0
2005-12-16,13905.0
2005-12-19,13664.0
2005-12-20,13188.0
2005-12-21,13101.0
2005-12-22,13279.0
2005-12-23,13461.0
2005-12-26,13461.0
2005-12-27,13461.0
2005-12-28,13424.0
2005-12-29,13222.0
2005-12-30,13372.0
2006-01-02,13372.0
2006-01-03,13786.0
2006-01-04,13993.0
2006-01-05,14204.0
2006-01-06,14231.0
2006-01-09,14898.0
2006-01-10,14888.0
2006-01-11,14610.0
2006-01-12,14602.0
2006-01-13,14784.0
2006-01-16,14629.0
2006-01-17,14646.0
2006-01-18,14776.0
2006-01-19,14685.0
2006-01-20,14467.0
2006-01-23,14744.0
2006-01-24,14676.0
2006-01-25,14978.0
2006-01-26,14704.0
2006-01-27,15282.0
2006-01-30,15202.0
2006-01-31,15092.0
2006-02-01,15140.0
2006-02-02,15065.0
2006-02-03,15052.0
2006-02-06,14975.0
2006-02-07,14848.0
2006-02-08,14850.0
2006-02-09,15650.0
2006-02-10,14725.0
2006-02-13,14900.0
2006-02-14,15145.0
2006-02-15,14780.0
2006-02-16,15015.0
2006-02-17,14962.0
2006-02-20,15005.0
2006-02-21,15033.0
2006-02-22,14900.0
2006-02-23,14790.0
2006-02-24,14941.0
2006-02-27,14883.0
2006-02-28,14831.0
2006-03-01,14730.0
2006-03-02,15192.0
2006-03-03,15053.0
2006-03-06,15016.0
2006-03-07,14785.0
2006-03-08,14625.0
2006-03-09,14720.0
2006-03-10,14860.0
2006-03-13,14745.0
2006-03-14,14790.0
2006-03-15,14785.0
2006-03-16,14720.0
2006-03-17,14827.0
2006-03-20,14724.0
2006-03-21,14688.0
2006-03-22,14795.0
2006-03-23,15290.0
2006-03-24,15152.0
2006-03-27,15217.0
2006-03-28,15097.0
2006-03-29,14960.0
2006-03-30,15362.0
2006-03-31,15153.0
2006-04-03,15901.0
2006-04-04,15751.0
2006-04-05,16610.0
2006-04-06,16812.0
2006-04-07,16710.0
2006-04-10,17282.0
2006-04-11,17610.0
2006-04-12,17893.0
2006-04-13,17735.0
2006-04-14,17735.0
2006-04-17,17735.0
2006-04-18,18215.0
2006-04-19,18290.0
2006-04-20,18411.0
2006-04-21,19505.0
2006-04-24,19425.0
2006-04-25,20270.0
2006-04-26,19810.0
2006-04-27,18925.0
2006-04-28,19365.0
2006-05-01,19365.0
2006-05-02,19065.0
2006-05-03,19105.0
2006-05-04,19680.0
2006-05-05,19558.0
2006-05-08,20025.0
2006-05-09,20255.0
2006-05-10,20815.0
2006-05-11,21525.0
2006-05-12,21570.0
2006-05-15,20145.0
2006-05-16,20600.0
2006-05-17,21190.0
2006-05-18,21535.0
2006-05-19,20810.0
2006-05-22,21300.0
2006-05-23,22715.0
2006-05-24,22350.0
2006-05-25,22500.0
2006-05-26,23970.0
2006-05-29,23970.0
2006-05-30,22450.0
2006-05-31,22595.0
2006-06-01,21115.0
2006-06-02,21805.0
2006-06-05,21880.0
2006-06-06,21390.0
2006-06-07,21820.0
2006-06-08,20745.0
2006-06-09,20355.0
2006-06-12,19645.0
2006-06-13,18015.0
2006-06-14,18610.0
2006-06-15,19765.0
2006-06-16,19890.0
2006-06-19,19425.0
2006-06-20,19925.0
2006-06-21,20900.0
2006-06-22,20405.0
2006-06-23,20120.0
2006-06-26,20840.0
2006-06-27,20750.0
2006-06-28,21330.0
2006-06-29,21835.0
2006-06-30,22325.0
2006-07-03,22735.0
2006-07-04,23650.0
2006-07-05,23960.0
2006-07-06,24890.0
2006-07-07,25470.0
2006-07-10,26450.0
2006-07-11,27650.0
2006-07-12,27220.0
2006-07-13,27695.0
2006-07-14,28120.0
2006-07-17,28550.0
2006-07-18,26750.0
2006-07-19,26135.0
2006-07-20,25945.0
2006-07-21,26350.0
2006-07-24,26750.0
2006-07-25,27225.0
2006-07-26,26155.0
2006-07-27,25050.0
2006-07-28,25975.0
2006-07-31,27175.0
2006-08-01,27800.0
2006-08-02,27775.0
2006-08-03,26425.0
2006-08-04,27775.0
2006-08-07,27500.0
2006-08-08,27450.0
2006-08-09,27910.0
2006-08-10,27940.0
2006-08-11,28275.0
2006-08-14,28850.0
2006-08-15,29430.0
2006-08-16,32700.0
2006-08-17,31940.0
2006-08-18,32500.0
2006-08-21,33395.0
2006-08-22,35200.0
2006-08-23,33650.0
2006-08-24,33275.0
2006-08-25,33800.0
2006-08-28,33800.0
2006-08-29,32800.0
2006-08-30,31625.0
2006-08-31,32300.0
2006-09-01,31750.0
2006-09-04,29600.0
2006-09-05,29425.0
2006-09-06,30100.0
2006-09-07,30350.0
2006-09-08,29300.0
2006-09-11,28900.0
2006-09-12,31220.0
2006-09-13,30600.0
2006-09-14,29340.0
2006-09-15,26660.0
2006-09-18,27800.0
2006-09-19,28680.0
2006-09-20,28430.0
2006-09-21,29450.0
2006-09-22,29600.0
2006-09-25,30125.0
2006-09-26,29775.0
2006-09-27,30450.0
2006-09-28,30900.0
2006-09-29,31300.0
2006-10-02,31005.0
2006-10-03,30530.0
2006-10-04,29925.0
2006-10-05,30925.0
2006-10-06,31575.0
2006-10-09,31750.0
2006-10-10,32045.0
2006-10-11,32875.0
2006-10-12,33210.0
2006-10-13,33630.0
2006-10-16,34700.0
2006-10-17,33650.0
2006-10-18,33055.0
2006-10-19,33800.0
2006-10-20,34275.0
2006-10-23,34350.0
2006-10-24,33925.0
2006-10-25,33225.0
2006-10-26,31550.0
2006-10-27,32050.0
2006-10-30,31625.0
2006-10-31,32450.0
2006-11-01,32025.0
2006-11-02,32625.0
2006-11-03,31900.0
2006-11-06,31845.0
2006-11-07,31775.0
2006-11-08,30500.0
2006-11-09,30805.0
2006-11-10,29905.0
2006-11-13,30525.0
2006-11-14,29950.0
2006-11-15,30625.0
2006-11-16,30275.0
2006-11-17,30525.0
2006-11-20,30895.0
2006-11-21,32000.0
2006-11-22,31900.0
2006-11-23,33250.0
2006-11-24,34310.0
2006-11-27,34340.0
2006-11-28,33665.0
2006-11-29,33300.0
2006-11-30,34675.0
2006-12-01,34750.0
2006-12-04,34385.0
2006-12-05,35075.0
2006-12-06,35090.0
2006-12-07,34425.0
2006-12-08,35125.0
2006-12-11,34820.0
2006-12-12,33620.0
2006-12-13,34100.0
2006-12-14,35635.0
2006-12-15,35260.0
2006-12-18,34735.0
2006-12-19,34185.0
2006-12-20,33395.0
2006-12-21,32780.0
2006-12-22,34005.0
2006-12-25,34005.0
2006-12-26,34005.0
2006-12-27,34315.0
2006-12-28,33885.0
2006-12-29,34025.0
2007-01-01,34025.0
2007-01-02,33150.0
2007-01-03,33505.0
2007-01-04,35225.0
2007-01-05,34100.0
2007-01-08,32400.0
2007-01-09,31575.0
2007-01-10,34000.0
2007-01-11,35440.0
2007-01-12,34530.0
2007-01-15,35175.0
2007-01-16,35500.0
2007-01-17,37400.0
2007-01-18,37040.0
2007-01-19,37785.0
2007-01-22,39800.0
2007-01-23,41000.0
2007-01-24,40850.0
2007-01-25,41425.0
2007-01-26,41325.0
2007-01-29,40625.0
2007-01-30,38650.0
2007-01-31,39575.0
2007-02-01,39625.0
2007-02-02,40575.0
2007-02-05,39195.0
2007-02-06,39400.0
2007-02-07,39175.0
2007-02-08,38050.0
2007-02-09,38410.0
2007-02-12,36825.0
2007-02-13,38290.0
2007-02-14,40075.0
2007-02-15,42300.0
2007-02-16,41675.0
2007-02-19,41625.0
2007-02-20,42950.0
2007-02-21,42650.0
2007-02-22,42200.0
2007-02-23,44125.0
2007-02-26,44675.0
2007-02-27,45050.0
2007-02-28,44695.0
2007-03-01,44700.0
2007-03-02,44050.0
2007-03-05,42100.0
2007-03-06,43025.0
2007-03-07,44505.0
2007-03-08,45425.0
2007-03-09,45050.0
2007-03-12,46725.0
2007-03-13,46525.0
2007-03-14,47720.0
2007-03-15,50075.0
2007-03-16,50875.0
2007-03-19,49800.0
2007-03-20,47600.0
2007-03-21,46780.0
2007-03-22,48125.0
2007-03-23,44800.0
2007-03-26,44750.0
2007-03-27,44750.0
2007-03-28,45050.0
2007-03-29,45500.0
2007-03-30,46825.0
2007-04-02,47650.0
2007-04-03,50865.0
2007-04-04,51735.0
2007-04-05,52150.0
2007-04-06,52150.0
2007-04-09,52150.0
2007-04-10,50750.0
2007-04-11,49350.0
2007-04-12,48550.0
2007-04-13,48875.0
2007-04-16,48625.0
2007-04-17,50875.0
2007-04-18,50025.0
2007-04-19,49475.0
2007-04-20,50675.0
2007-04-23,51550.0
2007-04-24,49800.0
2007-04-25,49200.0
2007-04-26,48725.0
2007-04-27,50475.0
2007-04-30,49825.0
2007-05-01,50575.0
2007-05-02,50850.0
2007-05-03,51900.0
2007-05-04,53775.0
2007-05-07,53775.0
2007-05-08,53200.0
2007-05-09,51820.0
2007-05-10,52675.0
2007-05-11,53430.0
2007-05-14,52045.0
2007-05-15,54050.0
2007-05-16,53650.0
2007-05-17,52225.0
2007-05-18,54025.0
2007-05-21,53975.0
2007-05-22,51375.0
2007-05-23,49245.0
2007-05-24,48260.0
2007-05-25,50075.0
2007-05-28,50075.0
2007-05-29,51650.0
2007-05-30,49800.0
2007-05-31,48850.0
2007-06-01,50090.0
2007-06-04,50125.0
2007-06-05,49125.0
2007-06-06,48300.0
2007-06-07,43850.0
2007-06-08,43325.0
2007-06-11,43475.0
2007-06-12,40725.0
2007-06-13,40500.0
2007-06-14,42520.0
2007-06-15,42675.0
2007-06-18,40475.0
2007-06-19,37675.0
2007-06-20,36735.0
2007-06-21,37345.0
2007-06-22,37800.0
2007-06-25,39275.0
2007-06-26,37660.0
2007-06-27,37775.0
2007-06-28,36820.0
2007-06-29,36315.0
2007-07-02,36065.0
2007-07-03,36490.0
2007-07-04,36445.0
2007-07-05,36310.0
2007-07-06,35475.0
2007-07-09,34555.0
2007-07-10,32805.0
2007-07-11,33570.0
2007-07-12,33395.0
2007-07-13,32705.0
2007-07-16,32105.0
2007-07-17,32065.0
2007-07-18,32815.0
2007-07-19,34095.0
2007-07-20,35245.0
2007-07-23,33460.0
2007-07-24,32260.0
2007-07-25,31445.0
2007-07-26,31265.0
2007-07-27,30520.0
2007-07-30,30230.0
2007-07-31,31485.0
2007-08-01,30820.0
2007-08-02,29940.0
2007-08-03,29190.0
2007-08-06,29205.0
2007-08-07,28750.0
2007-08-08,27865.0
2007-08-09,26695.0
2007-08-10,26365.0
2007-08-13,27155.0
2007-08-14,27040.0
2007-08-15,26250.0
2007-08-16,24885.0
2007-08-17,25805.0
2007-08-20,25880.0
2007-08-21,26975.0
2007-08-22,27937.0
2007-08-23,27590.0
2007-08-24,27470.0
2007-08-27,27470.0
2007-08-28,27395.0
2007-08-29,27505.0
2007-08-30,28025.0
2007-08-31,29550.0
2007-09-03,29540.0
2007-09-04,28440.0
2007-09-05,27050.0
2007-09-06,27080.0
2007-09-07,26760.0
2007-09-10,26450.0
2007-09-11,26735.0
2007-09-12,26845.0
2007-09-13,27652.0
2007-09-14,28356.0
2007-09-17,28715.0
2007-09-18,30485.0
2007-09-19,33540.0
2007-09-20,32320.0
2007-09-21,31975.0
2007-09-24,32785.0
2007-09-25,32255.0
2007-09-26,32190.0
2007-09-27,31560.0
2007-09-28,30235.0
2007-10-01,30090.0
2007-10-02,30375.0
2007-10-03,31205.0
2007-10-04,30490.0
2007-10-05,31090.0
2007-10-08,29805.0
2007-10-09,30350.0
2007-10-10,31145.0
2007-10-11,31740.0
2007-10-12,31660.0
2007-10-15,31605.0
2007-10-16,31450.0
2007-10-17,31443.0
2007-10-18,32150.0
2007-10-19,31900.0
2007-10-22,31385.0
2007-10-23,31380.0
2007-10-24,30435.0
2007-10-25,31310.0
2007-10-26,31465.0
2007-10-29,31275.0
2007-10-30,31150.0
2007-10-31,31690.0
2007-11-01,32070.0
2007-11-02,31815.0
2007-11-05,31215.0
2007-11-06,31925.0
2007-11-07,31825.0
2007-11-08,32400.0
2007-11-09,33510.0
2007-11-12,33350.0
2007-11-13,33100.0
2007-11-14,32855.0
2007-11-15,31365.0
2007-11-16,30925.0
2007-11-19,29860.0
2007-11-20,29975.0
2007-11-21,29393.0
2007-11-22,28560.0
2007-11-23,28836.0
2007-11-26,28585.0
2007-11-27,28405.0
2007-11-28,27785.0
2007-11-29,26620.0
2007-11-30,26750.0
2007-12-03,26425.0
2007-12-04,25325.0
2007-12-05,25475.0
2007-12-06,25635.0
2007-12-07,27046.0
2007-12-10,25944.0
2007-12-11,26372.0
2007-12-12,25977.0
2007-12-13,25445.0
2007-12-14,26275.0
2007-12-17,25455.0
2007-12-18,25615.0
2007-12-19,26400.0
2007-12-20,26055.0
2007-12-21,26650.0
2007-12-24,26650.0
2007-12-25,26650.0
2007-12-26,26650.0
2007-12-27,26770.0
2007-12-28,26090.0
2007-12-31,26010.0
2008-01-01,26010.0
2008-01-02,26905.0
2008-01-03,28675.0
2008-01-04,27925.0
2008-01-07,27925.0
2008-01-08,29620.0
2008-01-09,29215.0
2008-01-10,28422.0
2008-01-11,28381.0
2008-01-14,29025.0
2008-01-15,28160.0
2008-01-16,27605.0
2008-01-17,27310.0
2008-01-18,28482.0
2008-01-21,27415.0
2008-01-22,27265.0
2008-01-23,26655.0
2008-01-24,27000.0
2008-01-25,26625.0
2008-01-28,26745.0
2008-01-29,27500.0
2008-01-30,27010.0
2008-01-31,27180.0
2008-02-01,27785.0
2008-02-04,26875.0
2008-02-05,26575.0
2008-02-06,26670.0
2008-02-07,27230.0
2008-02-08,28090.0
2008-02-11,27880.0
2008-02-12,27885.0
2008-02-13,27778.0
2008-02-14,27687.0
2008-02-15,27402.0
2008-02-18,27420.0
2008-02-19,27975.0
2008-02-20,27878.0
2008-02-21,29035.0
2008-02-22,28190.0
2008-02-25,28035.0
2008-02-26,27729.0
2008-02-27,28995.0
2008-02-28,30925.0
2008-02-29,31325.0
2008-03-03,33025.0
2008-03-04,32635.0
2008-03-05,33185.0
2008-03-06,32680.0
2008-03-07,33140.0
2008-03-10,32235.0
2008-03-11,31335.0
2008-03-12,31695.0
2008-03-13,31972.0
2008-03-14,32381.0
2008-03-17,29220.0
2008-03-18,29945.0
2008-03-19,29155.0
2008-03-20,28380.0
2008-03-21,28380.0
2008-03-24,28380.0
2008-03-25,29360.0
2008-03-26,29550.0
2008-03-27,31140.0
2008-03-28,30240.0
2008-03-31,29495.0
2008-04-01,29100.0
2008-04-02,28105.0
2008-04-03,28782.0
2008-04-04,28975.0
2008-04-07,28805.0
2008-04-08,28660.0
2008-04-09,29137.0
2008-04-10,28808.0
2008-04-11,28307.0
2008-04-14,28705.0
2008-04-15,28690.0
2008-04-16,29610.0
2008-04-17,29080.0
2008-04-18,28633.0
2008-04-21,28270.0
2008-04-22,28734.0
2008-04-23,28530.0
2008-04-24,28752.0
2008-04-25,29365.0
2008-04-28,29152.0
2008-04-29,28495.0
2008-04-30,28395.0
2008-05-01,28205.0
2008-05-02,28250.0
2008-05-05,28250.0
2008-05-06,28730.0
2008-05-07,28370.0
2008-05-08,27275.0
2008-05-09,26495.0
2008-05-12,26373.0
2008-05-13,26885.0
2008-05-14,26393.0
2008-05-15,26156.0
2008-05-16,26255.0
2008-05-19,25957.0
2008-05-20,25855.0
2008-05-21,25055.0
2008-05-22,23364.0
2008-05-23,23966.0
2008-05-26,23966.0
2008-05-27,23160.0
2008-05-28,22355.0
2008-05-29,22068.0
2008-05-30,21963.0
2008-06-02,22050.0
2008-06-03,22163.0
2008-06-04,22670.0
2008-06-05,22695.0
2008-06-06,21900.0
2008-06-09,21950.0
2008-06-10,23445.0
2008-06-11,23275.0
2008-06-12,24540.0
2008-06-13,24030.0
2008-06-16,23920.0
2008-06-17,24150.0
2008-06-18,22920.0
2008-06-19,22070.0
2008-06-20,22255.0
2008-06-23,21685.0
2008-06-24,21335.0
2008-06-25,21538.0
2008-06-26,21640.0
2008-06-27,21790.0
2008-06-30,21793.0
2008-07-01,21395.0
2008-07-02,21000.0
2008-07-03,20702.0
2008-07-04,20453.0
2008-07-07,20771.0
2008-07-08,20448.0
2008-07-09,21299.0
2008-07-10,21756.0
2008-07-11,21453.0
2008-07-14,20593.0
2008-07-15,20693.0
2008-07-16,20238.0
2008-07-17,20613.0
2008-07-18,20238.0
2008-07-21,20383.0
2008-07-22,20333.0
2008-07-23,19790.0
2008-07-24,18619.0
2008-07-25,18298.0
2008-07-28,18620.0
2008-07-29,17915.0
2008-07-30,18625.0
2008-07-31,18225.0
2008-08-01,18172.0
2008-08-04,17887.0
2008-08-05,17474.0
2008-08-06,17678.0
2008-08-07,18749.0
2008-08-08,18075.0
2008-08-11,17920.0
2008-08-12,18055.0
2008-08-13,19500.0
2008-08-14,19088.0
2008-08-15,18669.0
2008-08-18,18007.0
2008-08-19,19327.0
2008-08-20,19865.0
2008-08-21,21465.0
2008-08-22,20815.0
2008-08-25,20815.0
2008-08-26,19970.0
2008-08-27,20925.0
2008-08-28,20430.0
2008-08-29,20165.0
2008-09-01,19227.0
2008-09-02,19367.0
2008-09-03,19510.0
2008-09-04,19141.0
2008-09-05,18533.0
2008-09-08,18782.0
2008-09-09,18435.0
2008-09-10,18431.0
2008-09-11,18423.0
2008-09-12,19169.0
2008-09-15,18000.0
2008-09-16,17275.0
2008-09-17,16870.0
2008-09-18,16555.0
2008-09-19,16773.0
2008-09-22,17305.0
2008-09-23,17002.0
2008-09-24,16993.0
2008-09-25,16870.0
2008-09-26,16775.0
2008-09-29,16165.0
2008-09-30,15600.0
2008-10-01,15710.0
2008-10-02,15070.0
2008-10-03,14925.0
2008-10-06,14080.0
2008-10-07,14009.0
2008-10-08,12985.0
2008-10-09,13200.0
2008-10-10,11955.0
2008-10-13,12560.0
2008-10-14,12555.0
2008-10-15,11675.0
2008-10-16,10560.0
2008-10-17,10585.0
2008-10-20,10332.0
2008-10-21,10502.0
2008-10-22,9813.0
2008-10-23,9173.0
2008-10-24,9826.0
2008-10-27,10920.0
2008-10-28,11780.0
2008-10-29,13457.0
2008-10-30,11729.0
2008-10-31,11931.0
2008-11-03,11772.0
2008-11-04,12727.0
2008-11-05,12128.0
2008-11-06,11237.0
2008-11-07,10812.0
2008-11-10,11153.0
2008-11-11,10551.0
2008-11-12,10359.0
2008-11-13,11317.0
2008-11-14,10867.0
2008-11-17,10515.0
2008-11-18,10611.0
2008-11-19,10113.0
2008-11-20,9825.0
2008-11-21,9881.0
2008-11-24,10555.0
2008-11-25,10383.0
2008-11-26,10485.0
2008-11-27,10144.0
2008-11-28,10095.0
2008-12-01,9692.0
2008-12-02,9388.0
2008-12-03,9082.0
2008-12-04,9130.0
2008-12-05,8934.0
2008-12-08,9202.0
2008-12-09,9278.0
2008-12-10,10182.0
2008-12-11,11000.0
2008-12-12,10530.5
2008-12-15,10102.0
2008-12-16,9572.0
2008-12-17,9683.0
2008-12-18,9658.0
2008-12-19,10190.0
2008-12-22,10186.0
2008-12-23,9641.0
2008-12-24,9516.0
2008-12-25,9516.0
2008-12-26,9516.0
2008-12-29,9595.0
2008-12-30,10615.0
2008-12-31,11609.0
2009-01-01,11609.0
2009-01-02,13110.0
2009-01-05,12752.0
2009-01-06,13157.0
2009-01-07,12213.0
2009-01-08,11462.0
2009-01-09,12094.0
2009-01-12,10635.0
2009-01-13,11187.0
2009-01-14,10765.0
2009-01-15,10626.0
2009-01-16,10787.0
2009-01-19,11242.0
2009-01-20,11512.0
2009-01-21,10865.0
2009-01-22,10957.0
2009-01-23,12056.0
2009-01-26,11853.0
2009-01-27,11351.0
2009-01-28,11702.0
2009-01-29,11349.0
2009-01-30,11147.0
2009-02-02,11244.0
2009-02-03,11540.0
2009-02-04,11686.0
2009-02-05,11386.0
2009-02-06,11442.0
2009-02-09,11434.0
2009-02-10,10730.0
2009-02-11,10329.0
2009-02-12,10216.0
2009-02-13,10255.0
2009-02-16,10220.0
2009-02-17,9822.0
2009-02-18,9622.0
2009-02-19,9821.0
2009-02-20,9420.0
2009-02-23,9425.0
2009-02-24,9719.0
2009-02-25,9998.0
2009-02-26,9980.0
2009-02-27,9926.0
2009-03-02,9468.0
2009-03-03,9570.0
2009-03-04,9954.0
2009-03-05,9752.0
2009-03-06,9776.0
2009-03-09,9600.0
2009-03-10,9857.0
2009-03-11,9719.0
2009-03-12,9374.0
2009-03-13,9522.0
2009-03-16,10014.0
2009-03-17,10017.0
2009-03-18,9791.0
2009-03-19,9922.0
2009-03-20,9893.0
2009-03-23,9763.0
2009-03-24,9663.0
2009-03-25,9507.0
2009-03-26,9633.0
2009-03-27,9608.0
2009-03-30,9478.0
2009-03-31,9755.0
2009-04-01,10005.0
2009-04-02,10486.0
2009-04-03,10837.0
2009-04-06,10650.0
2009-04-07,10797.0
2009-04-08,10874.0
2009-04-09,10942.0
2009-04-10,10942.0
2009-04-13,10942.0
2009-04-14,11745.0
2009-04-15,12399.0
2009-04-16,12360.0
2009-04-17,12765.0
2009-04-20,12011.0
2009-04-21,11439.0
2009-04-22,11458.0
2009-04-23,11294.0
2009-04-24,11494.0
2009-04-27,11322.0
2009-04-28,10875.0
2009-04-29,11253.0
2009-04-30,11626.0
2009-05-01,11845.0
2009-05-04,11845.0
2009-05-05,11941.0
2009-05-06,12632.0
2009-05-07,13222.0
2009-05-08,13027.0
2009-05-11,12847.0
2009-05-12,12970.0
2009-05-13,12370.0
2009-05-14,12470.5
2009-05-15,12385.0
2009-05-18,12275.0
2009-05-19,12403.0
2009-05-20,12591.0
2009-05-21,12047.0
2009-05-22,12718.0
2009-05-25,12718.0
2009-05-26,13326.0
2009-05-27,13321.0
2009-05-28,13425.0
2009-05-29,13866.0
2009-06-01,14575.0
2009-06-02,14543.0
2009-06-03,14126.0
2009-06-04,14623.0
2009-06-05,14519.0
2009-06-08,14216.0
2009-06-09,14914.0
2009-06-10,14832.0
2009-06-11,15707.0
2009-06-12,15601.0
2009-06-15,14683.0
2009-06-16,15007.0
2009-06-17,14758.0
2009-06-18,14919.0
2009-06-19,15110.0
2009-06-22,14408.0
2009-06-23,14519.0
2009-06-24,15409.0
2009-06-25,15588.0
2009-06-26,15715.0
2009-06-29,15713.0
2009-06-30,15291.0
2009-07-01,16416.0
2009-07-02,16374.0
2009-07-03,16120.0
2009-07-06,15861.0
2009-07-07,15561.0
2009-07-08,14862.0
2009-07-09,14814.0
2009-07-10,14407.0
2009-07-13,14646.0
2009-07-14,15500.0
2009-07-15,15861.0
2009-07-16,16021.0
2009-07-17,16047.0
2009-07-20,16145.0
2009-07-21,15870.0
2009-07-22,16172.0
2009-07-23,16326.0
2009-07-24,16692.0
2009-07-27,16883.0
2009-07-28,16560.0
2009-07-29,16201.0
2009-07-30,17164.0
2009-07-31,17897.0
2009-08-03,18772.0
2009-08-04,19290.0
2009-08-05,20390.0
2009-08-06,19537.0
2009-08-07,19557.0
2009-08-10,20124.5
2009-08-11,19423.0
2009-08-12,19575.0
2009-08-13,20533.0
2009-08-14,19514.0
2009-08-17,19078.0
2009-08-18,18785.0
2009-08-19,18820.0
2009-08-20,18878.0
2009-08-21,19300.0
2009-08-24,19612.0
2009-08-25,19374.0
2009-08-26,19105.0
2009-08-27,18781.0
2009-08-28,19070.0
2009-08-31,19070.0
2009-09-01,18277.0
2009-09-02,18100.0
2009-09-03,18192.0
2009-09-04,17574.0
2009-09-07,17680.0
2009-09-08,17933.0
2009-09-09,17914.0
2009-09-10,17160.0
2009-09-11,16915.0
2009-09-14,16570.0
2009-09-15,16679.0
2009-09-16,17217.0
2009-09-17,17493.0
2009-09-18,17068.0
2009-09-21,17311.0
2009-09-22,17667.0
2009-09-23,17796.0
2009-09-24,17011.0
2009-09-25,16811.0
2009-09-28,16660.0
2009-09-29,17055.0
2009-09-30,17819.0
2009-10-01,17347.5
2009-10-02,17197.0
2009-10-05,17463.0
2009-10-06,18044.0
2009-10-07,18570.0
2009-10-08,19423.0
2009-10-09,18678.0
2009-10-12,18746.0
2009-10-13,18088.0
2009-10-14,18480.0
2009-10-15,18735.0
2009-10-16,18636.0
2009-10-19,19210.0
2009-10-20,18778.0
2009-10-21,19667.0
2009-10-22,19078.0
2009-10-23,18923.0
2009-10-26,18579.0
2009-10-27,18578.0
2009-10-28,17723.0
2009-10-29,18620.0
2009-10-30,18205.0
2009-11-02,18016.0
2009-11-03,17744.0
2009-11-04,17840.0
2009-11-05,17699.0
2009-11-06,17283.0
2009-11-09,17359.0
2009-11-10,16755.0
2009-11-11,16786.0
2009-11-12,16130.0
2009-11-13,16048.0
2009-11-16,16742.0
2009-11-17,16842.0
2009-11-18,17091.0
2009-11-19,16917.0
2009-11-20,16543.0
2009-11-23,16844.0
2009-11-24,16689.0
2009-11-25,16941.0
2009-11-26,16516.0
2009-11-27,16018.0
2009-11-30,16335.0
2009-12-01,16183.0
2009-12-02,16230.0
2009-12-03,15931.0
2009-12-04,15926.0
2009-12-07,15919.0
2009-12-08,16067.0
2009-12-09,16487.0
2009-12-10,16193.0
2009-12-11,16526.0
2009-12-14,16827.0
2009-12-15,16936.0
2009-12-16,17434.0
2009-12-17,17002.0
2009-12-18,17030.0
2009-12-21,17874.0
2009-12-22,17673.0
2009-12-23,18357.0
2009-12-24,18571.0
2009-12-25,18571.0
2009-12-28,18571.0
2009-12-29,19107.0
2009-12-30,18829.0
2009-12-31,18452.0
2010-01-01,18452.0
2010-01-04,18920.0
2010-01-05,18635.0
2010-01-06,19083.0
2010-01-07,18386.0
2010-01-08,17832.0
2010-01-11,17819.0
2010-01-12,17627.0
2010-01-13,18227.0
2010-01-14,18228.0
2010-01-15,18527.0
2010-01-18,18818.0
2010-01-19,19143.0
2010-01-20,18728.0
2010-01-21,18873.0
2010-01-22,18240.0
2010-01-25,18077.0
2010-01-26,18122.0
2010-01-27,18117.0
2010-01-28,18275.0
2010-01-29,18434.0
2010-02-01,17929.0
2010-02-02,18225.0
2010-02-03,18274.0
2010-02-04,17652.0
2010-02-05,16976.0
2010-02-08,17201.0
2010-02-09,17473.0
2010-02-10,17634.0
2010-02-11,18377.0
2010-02-12,18569.0
2010-02-15,19280.0
2010-02-16,20255.0
2010-02-17,20066.0
2010-02-18,20375.0
2010-02-19,20649.0
2010-02-22,20399.0
2010-02-23,20115.0
2010-02-24,20396.0
2010-02-25,20270.0
2010-02-26,21096.0
2010-03-01,21367.0
2010-03-02,22158.0
2010-03-03,22765.0
2010-03-04,22220.0
2010-03-05,22320.0
2010-03-08,22224.0
2010-03-09,22175.0
2010-03-10,21445.0
2010-03-11,21222.0
2010-03-12,21684.0
2010-03-15,21445.0
2010-03-16,21859.0
2010-03-17,22210.0
2010-03-18,22722.0
2010-03-19,22412.0
2010-03-22,22233.0
2010-03-23,22456.0
2010-03-24,22214.0
2010-03-25,22806.0
2010-03-26,23569.0
2010-03-29,23960.0
2010-03-30,24319.0
2010-03-31,24960.0
2010-04-01,25011.0
2010-04-02,25011.0
2010-04-05,25011.0
2010-04-06,24799.0
2010-04-07,24678.0
2010-04-08,24668.0
2010-04-09,25142.0
2010-04-12,25720.0
2010-04-13,25443.5
2010-04-14,26338.0
2010-04-15,27165.0
2010-04-16,26645.0
2010-04-19,26637.0
2010-04-20,27227.0
2010-04-21,26939.0
2010-04-22,27035.0
2010-04-23,26988.5
2010-04-26,27092.0
2010-04-27,25865.0
2010-04-28,25590.0
2010-04-29,25343.0
2010-04-30,26244.0
2010-05-03,26244.0
2010-05-04,24596.0
2010-05-05,21860.0
2010-05-06,21985.0
2010-05-07,22485.0
2010-05-10,22936.0
2010-05-11,22520.0
2010-05-12,22479.0
2010-05-13,22701.0
2010-05-14,21482.0
2010-05-17,20627.0
2010-05-18,22080.0
2010-05-19,21228.5
2010-05-20,21127.5
2010-05-21,21279.0
2010-05-24,22125.0
2010-05-25,21118.0
2010-05-26,21038.0
2010-05-27,21726.0
2010-05-28,21277.0
2010-05-31,21277.0
2010-06-01,20424.0
2010-06-02,19574.0
2010-06-03,18600.0
2010-06-04,17881.0
2010-06-07,18132.0
2010-06-08,18412.0
2010-06-09,19217.0
2010-06-10,18885.0
2010-06-11,19479.5
2010-06-14,20230.0
2010-06-15,20160.0
2010-06-16,19970.0
2010-06-17,19731.0
2010-06-18,19520.0
2010-06-21,19777.0
2010-06-22,19578.0
2010-06-23,19202.0
2010-06-24,19327.0
2010-06-25,19679.0
2010-06-28,20581.0
2010-06-29,19010.0
2010-06-30,19679.0
2010-07-01,18935.0
2010-07-02,18735.0
2010-07-05,18609.0
2010-07-06,18839.0
2010-07-07,19092.0
2010-07-08,19343.0
2010-07-09,19443.0
2010-07-12,19140.0
2010-07-13,19490.0
2010-07-14,19339.0
2010-07-15,19336.0
2010-07-16,18885.5
2010-07-19,18730.0
2010-07-20,19050.0
2010-07-21,19419.0
2010-07-22,20182.0
2010-07-23,20281.0
2010-07-26,20726.0
2010-07-27,20474.0
2010-07-28,20333.0
2010-07-29,20606.0
2010-07-30,21080.0
2010-08-02,21883.0
2010-08-03,21600.0
2010-08-04,21885.0
2010-08-05,21809.0
2010-08-06,22035.0
2010-08-09,22732.0
2010-08-10,22130.0
2010-08-11,21624.0
2010-08-12,21357.0
2010-08-13,21207.5
2010-08-16,21479.0
2010-08-17,21880.0
2010-08-18,21831.0
2010-08-19,21733.0
2010-08-20,21490.0
2010-08-23,21139.5
2010-08-24,20540.5
2010-08-25,20031.0
2010-08-26,20395.0
2010-08-27,20997.0
2010-08-30,20997.0
2010-08-31,20646.0
2010-09-01,20996.0
2010-09-02,21595.0
2010-09-03,21552.0
2010-09-06,22105.0
2010-09-07,22156.0
2010-09-08,22891.0
2010-09-09,22744.0
2010-09-10,22496.0
2010-09-13,22844.0
2010-09-14,23352.0
2010-09-15,23210.0
2010-09-16,23257.0
2010-09-17,23213.0
2010-09-20,23080.0
2010-09-21,22349.0
2010-09-22,22567.0
2010-09-23,22766.0
2010-09-24,22926.0
2010-09-27,23117.0
2010-09-28,23197.0
2010-09-29,23364.0
2010-09-30,23406.0
2010-10-01,23849.0
2010-10-04,24118.0
2010-10-05,24706.0
2010-10-06,24778.0
2010-10-07,23864.0
2010-10-08,24361.0
2010-10-11,24285.0
2010-10-12,24009.0
2010-10-13,24355.0
2010-10-14,24259.0
2010-10-15,23985.5
2010-10-18,23751.0
2010-10-19,23406.0
2010-10-20,23879.0
2010-10-21,23485.0
2010-10-22,23160.0
2010-10-25,23505.75
2010-10-26,23230.0
2010-10-27,22734.0
2010-10-28,23029.0
2010-10-29,22918.0
2010-11-01,23173.0
2010-11-02,23405.0
2010-11-03,23478.0
2010-11-04,24434.0
2010-11-05,24389.0
2010-11-08,24058.0
2010-11-09,24552.0
2010-11-10,24085.0
2010-11-11,23930.0
2010-11-12,22614.0
2010-11-15,22283.0
2010-11-16,20753.0
2010-11-17,21485.0
2010-11-18,21788.0
2010-11-19,21790.0
2010-11-22,21540.0
2010-11-23,21546.0
2010-11-24,22445.0
2010-11-25,22777.0
2010-11-26,22502.0
2010-11-29,22372.0
2010-11-30,22998.0
2010-12-01,23507.0
2010-12-02,23627.0
2010-12-03,23475.0
2010-12-06,23572.0
2010-12-07,24057.0
2010-12-08,23948.0
2010-12-09,23547.0
2010-12-10,23918.0
2010-12-13,24470.0
2010-12-14,24443.0
2010-12-15,24496.0
2010-12-16,24645.0
2010-12-17,24946.0
2010-12-20,24492.0
2010-12-21,24565.0
2010-12-22,23991.0
2010-12-23,23545.0
2010-12-24,24091.0
2010-12-27,24091.0
2010-12-28,24091.0
2010-12-29,23790.0
2010-12-30,24258.0
2010-12-31,24708.0
2011-01-03,24708.0
2011-01-04,25110.0
2011-01-05,24710.0
2011-01-06,24525.0
2011-01-07,24172.0
2011-01-10,23839.0
2011-01-11,24665.0
2011-01-12,25770.0
2011-01-13,25526.75
2011-01-14,25850.75
2011-01-17,25811.0
2011-01-18,26078.0
2011-01-19,25643.0
2011-01-20,25744.0
2011-01-21,26138.0
2011-01-24,26126.0
2011-01-25,25872.0
2011-01-26,26469.0
2011-01-27,26463.0
2011-01-28,26588.0
2011-01-31,27324.0
2011-02-01,27969.0
2011-02-02,27978.0
2011-02-03,27930.0
2011-02-04,28350.0
2011-02-07,28292.0
2011-02-08,28365.0
2011-02-09,28356.0
2011-02-10,27829.0
2011-02-11,28275.5
2011-02-14,28868.0
2011-02-15,28717.0
2011-02-16,28542.0
2011-02-17,28463.0
2011-02-18,29123.0
2011-02-21,29281.0
2011-02-22,28627.0
2011-02-23,28658.0
2011-02-24,27478.0
2011-02-25,28170.0
2011-02-28,28972.0
2011-03-01,28755.0
2011-03-02,28577.0
2011-03-03,28834.0
2011-03-04,28772.0
2011-03-07,27442.0
2011-03-08,26792.0
2011-03-09,26118.0
2011-03-10,26020.0
2011-03-11,25923.0
2011-03-14,25800.0
2011-03-15,24685.0
2011-03-16,24947.0
2011-03-17,25923.5
2011-03-18,26749.0
2011-03-21,26741.0
2011-03-22,26340.0
2011-03-23,26815.5
2011-03-24,27191.0
2011-03-25,27041.0
2011-03-28,26206.0
2011-03-29,26582.0
2011-03-30,26009.0
2011-03-31,26075.0
2011-04-01,25575.5
2011-04-04,25476.0
2011-04-05,25381.0
2011-04-06,26431.0
2011-04-07,26799.0
2011-04-08,27594.0
2011-04-11,27700.0
2011-04-12,26686.0
2011-04-13,26252.0
2011-04-14,25799.0
2011-04-15,26154.5
2011-04-18,25505.0
2011-04-19,25293.0
2011-04-20,26380.0
2011-04-21,26880.0
2011-04-22,26880.0
2011-04-25,26880.0
2011-04-26,26628.0
2011-04-27,26609.0
2011-04-28,26836.0
2011-04-29,26836.0
2011-05-02,26836.0
2011-05-03,27290.0
2011-05-04,25810.0
2011-05-05,24510.0
2011-05-06,24590.0
2011-05-09,24362.0
2011-05-10,24848.0
2011-05-11,24549.0
2011-05-12,24549.0
2011-05-13,24398.0
2011-05-16,24356.0
2011-05-17,24144.0
2011-05-18,24668.0
2011-05-19,23545.0
2011-05-20,23525.0
2011-05-23,22376.0
2011-05-24,22883.0
2011-05-25,23399.0
2011-05-26,22821.0
2011-05-27,23081.0
2011-05-30,23081.0
2011-05-31,23587.0
2011-06-01,23241.0
2011-06-02,22563.0
2011-06-03,22786.0
2011-06-06,22615.0
2011-06-07,22604.0
2011-06-08,22684.0
2011-06-09,23175.0
2011-06-10,22820.0
2011-06-13,22244.0
2011-06-14,22283.0
2011-06-15,21998.5
2011-06-16,21568.0
2011-06-17,21593.0
2011-06-20,21617.0
2011-06-21,21850.0
2011-06-22,22122.0
2011-06-23,22099.0
2011-06-24,22125.0
2011-06-27,22174.0
2011-06-28,22656.0
2011-06-29,23048.0
2011-06-30,23395.0
2011-07-01,22966.0
2011-07-04,23138.0
2011-07-05,23269.0
2011-07-06,23346.0
2011-07-07,23868.0
2011-07-08,23856.0
2011-07-11,23187.0
2011-07-12,23608.0
2011-07-13,23939.0
2011-07-14,24176.0
2011-07-15,24126.0
2011-07-18,23762.0
2011-07-19,24087.0
2011-07-20,24004.0
2011-07-21,23910.0
2011-07-22,23934.0
2011-07-25,23756.0
2011-07-26,24057.0
2011-07-27,24352.0
2011-07-28,24512.0
2011-07-29,24954.0
2011-08-01,24509.0
2011-08-02,24761.0
2011-08-03,23765.0
2011-08-04,23614.0
2011-08-05,22468.0
2011-08-08,21208.0
2011-08-09,21162.0
2011-08-10,20923.0
2011-08-11,21551.0
2011-08-12,21353.0
2011-08-15,21252.0
2011-08-16,21657.0
2011-08-17,21909.0
2011-08-18,21260.0
2011-08-19,21165.0
2011-08-22,20808.0
2011-08-23,20623.0
2011-08-24,20788.0
2011-08-25,20812.0
2011-08-26,21414.0
2011-08-29,21414.0
2011-08-30,21864.0
2011-08-31,22157.0
2011-09-01,21708.0
2011-09-02,21458.0
2011-09-05,20852.0
2011-09-06,20634.5
2011-09-07,21746.0
2011-09-08,22057.5
2011-09-09,21129.0
2011-09-12,21587.0
2011-09-13,21288.0
2011-09-14,21364.0
2011-09-15,21785.0
2011-09-16,21486.0
2011-09-19,20945.0
2011-09-20,21191.0
2011-09-21,20374.0
2011-09-22,18855.0
2011-09-23,18255.0
2011-09-26,17979.0
2011-09-27,18928.0
2011-09-28,18475.0
2011-09-29,18640.0
2011-09-30,17570.0
2011-10-03,18994.0
2011-10-04,18719.0
2011-10-05,18368.0
2011-10-06,18917.0
2011-10-07,18873.0
2011-10-10,19345.0
2011-10-11,18836.0
2011-10-12,19041.0
2011-10-13,18416.0
2011-10-14,18842.0
2011-10-17,18942.0
2011-10-18,19114.0
2011-10-19,18764.0
2011-10-20,17969.0
2011-10-21,18771.0
2011-10-24,19967.0
2011-10-25,19722.0
2011-10-26,19105.0
2011-10-27,19880.0
2011-10-28,19680.0
2011-10-31,19555.0
2011-11-01,18575.0
2011-11-02,18557.0
2011-11-03,18402.0
2011-11-04,18885.0
2011-11-07,18685.0
2011-11-08,18330.0
2011-11-09,18030.5
2011-11-10,18140.0
2011-11-11,18069.5
2011-11-14,17801.0
2011-11-15,17544.0
2011-11-16,18178.0
2011-11-17,18184.0
2011-11-18,17675.0
2011-11-21,17816.0
2011-11-22,17560.0
2011-11-23,17028.0
2011-11-24,17077.0
2011-11-25,16958.0
2011-11-28,17176.0
2011-11-29,17043.0
2011-11-30,17492.0
2011-12-01,16721.0
2011-12-02,17718.25
2011-12-05,18489.5
2011-12-06,18411.0
2011-12-07,18033.0
2011-12-08,18285.0
2011-12-09,18584.0
2011-12-12,18434.5
2011-12-13,18305.5
2011-12-14,17403.0
2011-12-15,17906.0
2011-12-16,18558.0
2011-12-19,18371.0
2011-12-20,18840.0
2011-12-21,18939.0
2011-12-22,18662.0
2011-12-23,18474.0
2011-12-26,18474.0
2011-12-27,18474.0
2011-12-28,17881.0
2011-12-29,18181.0
2011-12-30,18724.0
2012-01-02,18724.0
2012-01-03,18910.0
2012-01-04,18803.0
2012-01-05,18686.0
2012-01-06,18751.0
2012-01-09,19089.0
2012-01-10,19485.0
2012-01-11,19423.0
2012-01-12,19641.0
2012-01-13,19561.0
2012-01-16,19375.0
2012-01-17,19468.0
2012-01-18,19440.0
2012-01-19,20148.0
2012-01-20,20404.0
2012-01-23,20261.0
2012-01-24,20577.0
2012-01-25,20876.0
2012-01-26,21535.0
2012-01-27,21636.0
2012-01-30,21238.0
2012-01-31,20774.0
2012-02-01,20889.0
2012-02-02,20791.0
2012-02-03,21219.0
2012-02-06,21604.0
2012-02-07,21706.0
2012-02-08,21398.0
2012-02-09,21424.0
2012-02-10,20608.0
2012-02-13,20458.0
2012-02-14,20061.0
2012-02-15,19985.0
2012-02-16,19813.0
2012-02-17,19538.0
2012-02-20,19669.0
2012-02-21,20146.0
2012-02-22,20017.0
2012-02-23,19917.0
2012-02-24,20094.0
2012-02-27,20071.0
2012-02-28,19692.0
2012-02-29,19167.0
2012-03-01,19404.0
2012-03-02,19383.0
2012-03-05,18978.25
2012-03-06,18651.0
2012-03-07,18808.0
2012-03-08,18708.0
2012-03-09,19216.0
2012-03-12,19173.0
2012-03-13,19367.5
2012-03-14,19493.0
2012-03-15,19299.0
2012-03-16,18822.0
2012-03-19,18967.0
2012-03-20,18966.0
2012-03-21,18720.0
2012-03-22,18376.0
2012-03-23,18105.0
2012-03-26,18072.0
2012-03-27,17702.0
2012-03-28,17496.0
2012-03-29,17078.0
2012-03-30,17753.0
2012-04-02,18154.0
2012-04-03,18381.0
2012-04-04,17785.0
2012-04-05,18336.0
2012-04-06,18336.0
2012-04-09,18336.0
2012-04-10,18102.0
2012-04-11,18032.0
2012-04-12,18634.5
2012-04-13,18246.0
2012-04-16,17434.0
2012-04-17,17751.0
2012-04-18,17575.0
2012-04-19,17526.0
2012-04-20,17727.0
2012-04-23,17470.0
2012-04-24,17328.0
2012-04-25,17521.0
2012-04-26,18122.0
2012-04-27,18022.0
2012-04-30,17817.0
2012-05-01,17628.0
2012-05-02,17206.0
2012-05-03,17211.0
2012-05-04,17512.0
2012-05-07,17512.0
2012-05-08,17298.0
2012-05-09,17136.0
2012-05-10,17121.0
2012-05-11,17158.0
2012-05-14,16825.0
2012-05-15,16938.0
2012-05-16,16942.0
2012-05-17,17130.0
2012-05-18,16760.0
2012-05-21,17119.0
2012-05-22,16833.0
2012-05-23,16687.0
2012-05-24,17032.0
2012-05-25,16980.0
2012-05-28,16928.0
2012-05-29,16476.0
2012-05-30,16224.0
2012-05-31,16159.0
2012-06-01,16031.0
2012-06-04,16031.0
2012-06-05,16031.0
2012-06-06,16028.0
2012-06-07,16525.0
2012-06-08,16861.0
2012-06-11,17239.5
2012-06-12,17118.0
2012-06-13,16922.0
2012-06-14,16579.0
2012-06-15,16791.0
2012-06-18,16586.0
2012-06-19,17025.0
2012-06-20,17136.5
2012-06-21,16396.0
2012-06-22,16528.0
2012-06-25,16372.0
2012-06-26,16253.0
2012-06-27,16211.0
2012-06-28,16174.0
2012-06-29,16694.0
2012-07-02,16732.0
2012-07-03,17268.0
2012-07-04,16902.0
2012-07-05,16667.0
2012-07-06,16110.0
2012-07-09,16354.0
2012-07-10,15998.0
2012-07-11,16042.0
2012-07-12,15721.0
2012-07-13,16107.0
2012-07-16,16168.0
2012-07-17,16042.0
2012-07-18,16046.0
2012-07-19,16008.0
2012-07-20,15904.0
2012-07-23,15563.0
2012-07-24,15710.0
2012-07-25,15825.0
2012-07-26,15825.0
2012-07-27,15829.0
2012-07-30,16197.0
2012-07-31,15807.0
2012-08-01,15492.0
2012-08-02,15190.0
2012-08-03,15553.0
2012-08-06,15748.0
2012-08-07,15694.0
2012-08-08,15685.0
2012-08-09,15438.0
2012-08-10,15337.0
2012-08-13,15312.0
2012-08-14,15406.0
2012-08-15,15234.0
2012-08-16,15462.0
2012-08-17,15566.0
2012-08-20,15487.0
2012-08-21,15764.0
2012-08-22,16023.0
2012-08-23,16424.0
2012-08-24,16422.0
2012-08-27,16422.0
2012-08-28,16193.0
2012-08-29,16240.75
2012-08-30,15920.0
2012-08-31,15897.0
2012-09-03,16163.75
2012-09-04,15892.5
2012-09-05,16042.5
2012-09-06,16001.75
2012-09-07,16441.5
2012-09-10,16718.0
2012-09-11,16773.0
2012-09-12,16601.0
2012-09-13,16703.5
2012-09-14,17739.5
2012-09-17,18183.0
2012-09-18,17782.25
2012-09-19,17717.0
2012-09-20,17854.5
2012-09-21,18136.0
2012-09-24,17930.0
2012-09-25,18350.5
2012-09-26,18004.0
2012-09-27,18299.0
2012-09-28,18426.0
2012-10-01,18673.0
2012-10-02,18394.0
2012-10-03,18466.0
2012-10-04,18619.0
2012-10-05,18243.0
2012-10-08,18014.0
2012-10-09,17867.0
2012-10-10,17611.0
2012-10-11,17662.0
2012-10-12,17015.0
2012-10-15,17026.0
2012-10-16,16859.0
2012-10-17,17110.0
2012-10-18,17251.0
2012-10-19,16884.5
2012-10-22,16521.0
2012-10-23,16287.0
2012-10-24,16336.0
2012-10-25,16071.0
2012-10-26,15941.5
2012-10-29,15905.0
2012-10-30,15990.0
2012-10-31,16135.0
2012-11-01,16249.0
2012-11-02,15928.0
2012-11-05,15852.0
2012-11-06,16025.0
2012-11-07,15946.0
2012-11-08,16115.0
2012-11-09,15907.0
2012-11-12,16036.0
2012-11-13,16011.0
2012-11-14,16114.0
2012-11-15,15858.0
2012-11-16,15902.5
2012-11-19,16410.0
2012-11-20,16546.0
2012-11-21,16640.0
2012-11-22,16501.0
2012-11-23,16563.0
2012-11-26,16398.5
2012-11-27,16899.0
2012-11-28,16930.0
2012-11-29,16949.0
2012-11-30,17598.0
2012-12-03,17439.5
2012-12-04,17445.0
2012-12-05,17490.0
2012-12-06,17140.0
2012-12-07,17165.0
2012-12-10,17714.0
2012-12-11,17734.0
2012-12-12,17632.0
2012-12-13,17636.0
2012-12-14,17809.5
2012-12-17,17538.0
2012-12-18,17732.0
2012-12-19,17675.0
2012-12-20,17502.0
2012-12-21,17281.0
2012-12-24,17237.5
2012-12-25,17237.5
2012-12-26,17237.5
2012-12-27,17212.0
2012-12-28,17141.0
2012-12-31,16998.0
2013-01-01,16998.0
2013-01-02,17644.0
2013-01-03,17446.0
2013-01-04,17294.0
2013-01-07,17145.0
2013-01-08,17261.0
2013-01-09,17488.5
2013-01-10,17344.0
2013-01-11,17524.0
2013-01-14,17190.0
2013-01-15,17436.5
2013-01-16,17337.0
2013-01-17,17540.0
2013-01-18,17492.0
2013-01-21,17339.0
2013-01-22,17313.0
2013-01-23,17483.0
2013-01-24,17331.0
2013-01-25,17323.0
2013-01-28,17568.0
2013-01-29,17793.5
2013-01-30,18309.0
2013-01-31,18268.0
2013-02-01,18564.0
2013-02-04,18662.0
2013-02-05,18636.0
2013-02-06,18258.0
2013-02-07,18106.5
2013-02-08,18251.0
2013-02-11,18095.0
2013-02-12,18297.0
2013-02-13,18305.0
2013-02-14,18186.5
2013-02-15,18312.0
2013-02-18,17789.0
2013-02-19,17322.0
2013-02-20,17104.0
2013-02-21,16571.0
2013-02-22,16915.5
2013-02-25,16644.0
2013-02-26,16582.5
2013-02-27,16662.0
2013-02-28,16539.0
2013-03-01,16543.0
2013-03-04,16412.0
2013-03-05,16643.0
2013-03-06,16463.0
2013-03-07,16586.0
2013-03-08,16672.0
2013-03-11,16831.0
2013-03-12,16966.0
2013-03-13,16880.5
2013-03-14,17158.0
2013-03-15,16834.0
2013-03-18,16535.0
2013-03-19,16467.0
2013-03-20,16749.0
2013-03-21,16827.5
2013-03-22,17084.0
2013-03-25,16902.5
2013-03-26,16708.5
2013-03-27,16782.5
2013-03-28,16589.5
2013-03-29,16589.5
2013-04-01,16589.5
2013-04-02,16307.0
2013-04-03,16033.0
2013-04-04,16025.5
2013-04-05,15876.5
2013-04-08,15976.5
2013-04-09,16132.5
2013-04-10,15979.0
2013-04-11,16200.0
2013-04-12,15783.0
2013-04-15,15625.0
2013-04-16,15633.0
2013-04-17,15354.0
2013-04-18,15481.5
2013-04-19,15099.0
2013-04-22,15227.0
2013-04-23,15057.5
2013-04-24,15199.0
2013-04-25,15344.0
2013-04-26,15133.0
2013-04-29,15431.0
2013-04-30,15318.5
2013-05-01,14752.0
2013-05-02,14609.0
2013-05-03,15154.25
2013-05-06,15154.25
2013-05-07,15124.5
2013-05-08,15334.0
2013-05-09,15215.0
2013-05-10,15290.5
2013-05-13,15208.5
2013-05-14,15034.0
2013-05-15,14829.0
2013-05-16,14827.0
2013-05-17,14752.0
2013-05-20,15042.0
2013-05-21,15003.5
2013-05-22,15106.0
2013-05-23,14873.0
2013-05-24,14736.0
2013-05-27,14736.0
2013-05-28,14802.0
2013-05-29,14741.0
2013-05-30,14727.5
2013-05-31,14752.0
2013-06-03,15110.0
2013-06-04,15225.5
2013-06-05,15134.5
2013-06-06,15007.5
2013-06-07,14978.0
2013-06-10,14820.0
2013-06-11,14459.0
2013-06-12,14197.5
2013-06-13,13987.0
2013-06-14,14253.5
2013-06-17,14216.5
2013-06-18,14076.5
2013-06-19,14126.0
2013-06-20,13628.0
2013-06-21,14005.5
2013-06-24,13562.0
2013-06-25,13861.0
2013-06-26,13531.5
2013-06-27,13782.5
2013-06-28,13643.5
2013-07-01,13895.5
2013-07-02,13970.0
2013-07-03,13780.0
2013-07-04,13752.5
2013-07-05,13232.0
2013-07-08,13356.0
2013-07-09,13252.0
2013-07-10,13577.0
2013-07-11,13562.5
2013-07-12,13704.25
2013-07-15,13433.0
2013-07-16,13699.0
2013-07-17,13899.0
2013-07-18,13930.0
2013-07-19,14094.0
2013-07-22,14001.0
2013-07-23,14061.0
2013-07-24,14300.0
2013-07-25,14099.0
2013-07-26,13779.5
2013-07-29,13629.0
2013-07-30,13449.0
2013-07-31,13802.0
2013-08-01,13822.5
2013-08-02,13929.5
2013-08-05,13796.5
2013-08-06,13658.0
2013-08-07,13902.5
2013-08-08,14259.0
2013-08-09,14610.0
2013-08-12,14654.5
2013-08-13,14668.5
2013-08-14,14824.0
2013-08-15,14654.0
2013-08-16,14928.5
2013-08-19,14735.5
2013-08-20,14685.0
2013-08-21,14350.0
2013-08-22,14358.5
2013-08-23,14455.0
2013-08-26,14455.0
2013-08-27,14352.0
2013-08-28,14104.0
2013-08-29,14001.0
2013-08-30,13725.0
2013-09-02,13674.0
2013-09-03,13622.0
2013-09-04,13603.5
2013-09-05,13652.5
2013-09-06,13909.0
2013-09-09,13847.0
2013-09-10,13665.0
2013-09-11,13751.0
2013-09-12,13713.25
2013-09-13,13809.5
2013-09-16,13798.0
2013-09-17,13757.0
2013-09-18,13859.0
2013-09-19,14332.5
2013-09-20,13966.5
2013-09-23,13879.0
2013-09-24,13678.0
2013-09-25,13755.5
2013-09-26,13755.0
2013-09-27,13917.0
2013-09-30,13885.0
2013-10-01,13675.0
2013-10-02,13674.0
2013-10-03,13449.0
2013-10-04,13973.0
2013-10-07,13881.0
2013-10-08,13828.0
2013-10-09,13587.5
2013-10-10,13679.0
2013-10-11,13851.5
2013-10-14,13939.0
2013-10-15,13943.0
2013-10-16,14064.0
2013-10-17,13947.0
2013-10-18,14146.5
2013-10-21,14309.5
2013-10-22,14809.0
2013-10-23,14511.0
2013-10-24,14598.0
2013-10-25,14525.0
2013-10-28,14528.0
2013-10-29,14542.0
2013-10-30,14689.0
2013-10-31,14557.0
2013-11-01,14515.0
2013-11-04,14306.0
2013-11-05,14278.0
2013-11-06,14044.0
2013-11-07,13936.0
2013-11-08,13852.0
2013-11-11,13684.0
2013-11-12,13558.0
2013-11-13,13602.5
2013-11-14,13578.5
2013-11-15,13758.25
2013-11-18,13518.0
2013-11-19,13559.0
2013-11-20,13460.0
2013-11-21,13360.25
2013-11-22,13492.25
2013-11-25,13475.0
2013-11-26,13387.0
2013-11-27,13216.0
2013-11-28,13333.5
2013-11-29,13451.0
2013-12-02,13450.0
2013-12-03,13392.0
2013-12-04,13592.0
2013-12-05,13692.0
2013-12-06,13703.0
2013-12-09,13894.0
2013-12-10,13872.0
2013-12-11,13971.5
2013-12-12,13954.0
2013-12-13,14044.5
2013-12-16,13977.0
2013-12-17,14004.5
2013-12-18,14083.5
2013-12-19,14132.0
2013-12-20,14361.0
2013-12-23,14239.0
2013-12-24,14099.0
2013-12-25,14099.0
2013-12-26,14099.0
2013-12-27,14138.0
2013-12-30,14060.0
2013-12-31,13832.0
2014-01-01,13832.0
2014-01-02,13944.0
2014-01-03,13783.5
2014-01-06,13496.0
2014-01-07,13452.5
2014-01-08,13464.0
2014-01-09,13291.5
2014-01-10,13804.5
2014-01-13,14158.0
2014-01-14,14288.0
2014-01-15,14484.0
2014-01-16,14647.0
2014-01-17,14645.0
2014-01-20,14497.0
2014-01-21,14676.0
2014-01-22,14746.0
2014-01-23,14620.0
2014-01-24,14440.0
2014-01-27,14095.0
2014-01-28,14082.0
2014-01-29,13929.0
2014-01-30,13756.5
2014-01-31,13928.0
2014-02-03,13826.5
2014-02-04,13796.5
2014-02-05,13708.5
2014-02-06,13939.0
2014-02-07,14099.0
2014-02-10,14163.0
2014-02-11,14122.5
2014-02-12,14358.5
2014-02-13,14088.5
2014-02-14,14224.5
2014-02-17,14351.0
2014-02-18,14422.0
2014-02-19,14474.0
2014-02-20,14325.5
2014-02-21,14326.5
2014-02-24,14292.5
2014-02-25,14264.0
2014-02-26,14182.0
2014-02-27,14415.0
2014-02-28,14692.0
2014-03-03,14695.0
2014-03-04,15118.0
2014-03-05,15240.0
2014-03-06,15441.5
2014-03-07,15266.0
2014-03-10,15420.0
2014-03-11,15516.0
2014-03-12,15613.5
2014-03-13,15742.5
2014-03-14,15703.0
2014-03-17,15846.0
2014-03-18,16159.0
2014-03-19,16294.0
2014-03-20,15811.0
2014-03-21,16069.5
2014-03-24,16078.0
2014-03-25,16161.0
2014-03-26,15864.0
2014-03-27,15672.5
2014-03-28,15669.0
2014-03-31,15860.5
2014-04-01,15989.0
2014-04-02,16148.5
2014-04-03,16257.0
2014-04-04,16341.5
2014-04-07,16361.0
2014-04-08,16405.5
2014-04-09,16647.5
2014-04-10,17029.5
2014-04-11,17349.5
2014-04-14,17739.0
2014-04-15,17609.0
2014-04-16,17807.0
2014-04-17,17877.0
2014-04-18,17877.0
2014-04-21,17877.0
2014-04-22,18284.0
2014-04-23,18338.0
2014-04-24,18312.0
2014-04-25,18412.0
2014-04-28,18145.0
2014-04-29,18122.0
2014-04-30,18298.0
2014-05-01,18260.0
2014-05-02,18245.5
2014-05-05,18245.5
2014-05-06,18525.0
2014-05-07,18624.5
2014-05-08,19382.5
2014-05-09,19875.5
2014-05-12,20885.0
2014-05-13,20955.0
2014-05-14,19979.0
2014-05-15,18706.0
2014-05-16,18979.5
2014-05-19,20079.0
2014-05-20,19833.0
2014-05-21,19485.0
2014-05-22,19697.0
2014-05-23,19596.0
2014-05-26,19596.0
2014-05-27,19542.0
2014-05-28,19290.0
2014-05-29,18873.0
2014-05-30,19209.0
2014-06-02,19298.0
2014-06-03,19016.0
2014-06-04,18966.0
2014-06-05,18973.0
2014-06-06,18810.0
2014-06-09,18831.0
2014-06-10,18693.0
2014-06-11,18215.0
2014-06-12,17908.0
2014-06-13,17980.0
2014-06-16,18561.0
2014-06-17,19036.0
2014-06-18,18657.0
2014-06-19,18472.0
2014-06-20,18324.0
2014-06-23,18348.0
2014-06-24,18053.0
2014-06-25,18501.0
2014-06-26,18736.0
2014-06-27,18858.0
2014-06-30,18969.0
2014-07-01,19042.0
2014-07-02,19554.0
2014-07-03,19800.0
2014-07-04,19323.5
2014-07-07,19250.0
2014-07-08,19695.0
2014-07-09,19446.0
2014-07-10,19182.0
2014-07-11,19308.0
2014-07-14,19270.5
2014-07-15,19245.0
2014-07-16,19224.0
2014-07-17,19129.0
2014-07-18,18587.5
2014-07-21,18751.0
2014-07-22,19027.0
2014-07-23,18979.0
2014-07-24,19094.0
2014-07-25,19143.0
2014-07-28,18738.0
2014-07-29,18583.0
2014-07-30,18899.0
2014-07-31,18435.5
2014-08-01,18334.0
2014-08-04,18422.5
2014-08-05,18339.0
2014-08-06,18653.0
2014-08-07,18826.0
2014-08-08,18482.0
2014-08-11,18567.0
2014-08-12,18665.5
2014-08-13,18473.0
2014-08-14,18595.0
2014-08-15,18584.0
2014-08-18,18408.5
2014-08-19,18465.0
2014-08-20,18867.0
2014-08-21,18746.0
2014-08-22,18668.0
2014-08-25,18668.0
2014-08-26,18864.0
2014-08-27,18762.5
2014-08-28,18565.0
2014-08-29,18717.0
2014-09-01,18661.0
2014-09-02,18473.0
2014-09-03,18999.0
2014-09-04,19317.0
2014-09-05,19493.5
2014-09-08,19846.0
2014-09-09,18839.5
2014-09-10,18647.0
2014-09-11,18334.0
2014-09-12,18311.0
2014-09-15,17964.0
2014-09-16,18013.0
2014-09-17,17994.0
2014-09-18,17826.0
2014-09-19,17693.5
2014-09-22,16948.0
2014-09-23,17052.0
2014-09-24,17330.5
2014-09-25,17259.0
2014-09-26,16914.0
2014-09-29,16609.0
2014-09-30,16241.5
2014-10-01,16019.5
2014-10-02,15953.0
2014-10-03,16478.5
2014-10-06,16628.0
2014-10-07,16878.0
2014-10-08,16460.0
2014-10-09,16602.5
2014-10-10,16301.0
2014-10-13,16371.0
2014-10-14,16271.0
2014-10-15,15753.0
2014-10-16,15391.0
2014-10-17,15630.0
2014-10-20,15297.0
2014-10-21,15230.0
2014-10-22,15142.0
2014-10-23,15080.0
2014-10-24,14949.0
2014-10-27,14725.0
2014-10-28,15484.0
2014-10-29,15608.0
2014-10-30,15713.0
2014-10-31,15720.0
2014-11-03,15686.0
2014-11-04,15217.0
2014-11-05,15261.5
2014-11-06,15438.0
2014-11-07,15367.0
2014-11-10,15185.0
2014-11-11,15363.5
2014-11-12,15546.5
2014-11-13,15342.0
2014-11-14,15530.0
2014-11-17,15743.0
2014-11-18,15600.0
2014-11-19,16096.0
2014-11-20,16306.0
2014-11-21,16573.0
2014-11-24,16596.5
2014-11-25,16470.0
2014-11-26,16295.0
2014-11-27,16302.0
2014-11-28,16223.0
2014-12-01,16241.0
2014-12-02,16270.0
2014-12-03,16530.0
2014-12-04,17055.0
2014-12-05,16732.5
2014-12-08,16609.0
2014-12-09,16470.0
2014-12-10,16253.5
2014-12-11,16210.0
2014-12-12,16608.0
2014-12-15,16377.0
2014-12-16,15928.0
2014-12-17,15553.0
2014-12-18,15580.0
2014-12-19,15533.0
2014-12-22,15579.0
2014-12-23,15375.0
2014-12-24,15260.0
2014-12-25,15260.0
2014-12-26,15260.0
2014-12-29,14966.0
2014-12-30,14999.0
2014-12-31,15074.0
2015-01-01,15074.0
2015-01-02,14756.0
2015-01-05,15126.0
2015-01-06,15191.0
2015-01-07,15483.0
2015-01-08,15486.0
2015-01-09,15235.5
2015-01-12,15029.0
2015-01-13,14585.0
2015-01-14,14241.0
2015-01-15,14413.5
2015-01-16,14722.0
2015-01-19,14417.0
2015-01-20,14721.0
2015-01-21,14971.5
2015-01-22,14792.0
2015-01-23,14293.0
2015-01-26,14692.0
2015-01-27,14730.5
2015-01-28,14993.0
2015-01-29,14846.0
2015-01-30,15109.0
2015-02-02,15274.0
2015-02-03,15255.5
2015-02-04,15070.0
2015-02-05,15122.75
2015-02-06,15179.0
2015-02-09,15098.75
2015-02-10,14764.75
2015-02-11,14690.5
2015-02-12,14648.0
2015-02-13,14589.0
2015-02-16,14542.0
2015-02-17,14178.5
2015-02-18,14194.5
2015-02-19,13927.5
2015-02-20,13898.5
2015-02-23,14068.0
2015-02-24,14291.0
2015-02-25,14325.0
2015-02-26,14322.5
2015-02-27,14037.0
2015-03-02,13793.5
2015-03-03,13614.5
2015-03-04,13878.5
2015-03-05,14139.5
2015-03-06,14311.0
2015-03-09,14447.0
2015-03-10,13992.0
2015-03-11,13717.0
2015-03-12,13848.0
2015-03-13,14079.5
2015-03-16,13871.0
2015-03-17,13677.5
2015-03-18,13466.0
2015-03-19,13734.5
2015-03-20,14210.0
2015-03-23,14261.5
2015-03-24,13907.5
2015-03-25,13629.0
2015-03-26,13647.0
2015-03-27,13233.0
2015-03-30,12824.5
2015-03-31,12339.0
2015-04-01,12659.0
2015-04-02,12977.0
2015-04-03,12977.0
2015-04-06,12977.0
2015-04-07,12496.0
2015-04-08,12524.5
2015-04-09,12483.0
2015-04-10,12581.5
2015-04-13,12356.5
2015-04-14,12546.0
2015-04-15,12635.0
2015-04-16,12798.0
2015-04-17,12508.5
2015-04-20,12751.0
2015-04-21,12628.0
2015-04-22,12626.5
2015-04-23,12658.0
2015-04-24,13158.0
2015-04-27,13516.0
2015-04-28,13410.0
2015-04-29,13391.0
2015-04-30,13915.0
2015-05-01,13708.5
2015-05-04,13708.5
2015-05-05,14258.0
2015-05-06,13930.5
2015-05-07,14099.0
2015-05-08,14260.0
2015-05-11,14241.0
2015-05-12,14318.0
2015-05-13,14014.0
2015-05-14,13739.0
2015-05-15,13941.5
2015-05-18,13711.5
2015-05-19,13048.0
2015-05-20,13069.0
2015-05-21,12957.0
2015-05-22,12664.0
2015-05-25,12664.0
2015-05-26,12625.5
2015-05-27,12776.0
2015-05-28,12767.0
2015-05-29,12588.0
2015-06-01,12957.0
2015-06-02,13021.0
2015-06-03,12967.5
2015-06-04,12922.0
2015-06-05,13145.0
2015-06-08,13405.0
2015-06-09,13460.0
2015-06-10,13563.5
2015-06-11,13267.5
2015-06-12,13093.0
2015-06-15,12915.0
2015-06-16,12685.0
2015-06-17,12714.5
2015-06-18,12681.0
2015-06-19,12671.5
2015-06-22,12367.0
2015-06-23,12817.5
2015-06-24,12725.5
2015-06-25,12654.5
2015-06-26,12402.0
2015-06-29,11787.5
2015-06-30,11932.5
2015-07-01,11982.0
2015-07-02,12157.0
2015-07-03,11957.0
2015-07-06,11655.0
2015-07-07,10604.0
2015-07-08,10913.0
2015-07-09,11456.0
2015-07-10,11218.25
2015-07-13,11713.0
2015-07-14,11582.5
2015-07-15,11436.0
2015-07-16,11590.0
2015-07-17,11460.5
2015-07-20,11656.0
2015-07-21,11630.0
2015-07-22,11422.0
2015-07-23,11384.0
2015-07-24,11251.5
2015-07-27,10982.0
2015-07-28,11278.0
2015-07-29,11202.0
2015-07-30,10978.0
2015-07-31,10993.5
2015-08-03,10696.0
2015-08-04,10780.0
2015-08-05,10812.0
2015-08-06,10808.0
2015-08-07,10757.5
2015-08-10,11107.5
2015-08-11,10711.5
2015-08-12,10559.5
2015-08-13,10426.0
2015-08-14,10568.0
2015-08-17,10593.0
2015-08-18,10322.0
2015-08-19,10381.0
2015-08-20,10370.0
2015-08-21,10168.0
2015-08-24,9478.0
2015-08-25,9580.0
2015-08-26,9538.0
2015-08-27,10031.0
2015-08-28,10033.0
2015-08-31,10033.0
2015-09-01,9729.0
2015-09-02,9838.5
2015-09-03,9976.0
2015-09-04,9923.5
2015-09-07,9727.0
2015-09-08,9975.0
2015-09-09,10073.0
2015-09-10,10419.5
2015-09-11,10270.5
2015-09-14,9888.0
2015-09-15,10062.5
2015-09-16,10093.0
2015-09-17,9959.0
2015-09-18,9644.0
2015-09-21,9829.0
2015-09-22,9655.0
2015-09-23,9719.0
2015-09-24,9875.0
2015-09-25,9918.0
2015-09-28,9844.0
2015-09-29,9842.0
2015-09-30,10365.5
2015-10-01,10014.5
2015-10-02,9994.0
2015-10-05,9907.0
2015-10-06,9918.0
2015-10-07,10131.0
2015-10-08,10138.0
2015-10-09,10463.0
2015-10-12,10614.0
2015-10-13,10439.5
2015-10-14,10442.0
2015-10-15,10529.0
2015-10-16,10554.75
2015-10-19,10347.5
2015-10-20,10367.0
2015-10-21,10245.5
2015-10-22,10405.0
2015-10-23,10488.5
2015-10-26,10430.0
2015-10-27,10547.0
2015-10-28,10585.0
2015-10-29,10364.0
2015-10-30,10046.0
2015-11-02,10103.5
2015-11-03,9877.5
2015-11-04,9835.0
2015-11-05,9770.5
2015-11-06,9600.0
2015-11-09,9548.0
2015-11-10,9472.5
2015-11-11,9626.0
2015-11-12,9376.0
2015-11-13,9389.5
2015-11-16,9271.5
2015-11-17,9068.0
2015-11-18,8939.5
2015-11-19,8911.5
2015-11-20,8693.0
2015-11-23,8267.0
2015-11-24,8735.5
2015-11-25,8875.0
2015-11-26,9165.0
2015-11-27,8742.0
2015-11-30,8864.5
2015-12-01,8943.5
2015-12-02,8943.0
2015-12-03,8812.5
2015-12-04,8945.5
2015-12-07,8724.0
2015-12-08,8656.0
2015-12-09,8640.0
2015-12-10,8487.0
2015-12-11,8656.5
2015-12-14,8709.0
2015-12-15,8506.0
2015-12-16,8706.5
2015-12-17,8587.0
2015-12-18,8723.5
2015-12-21,8847.5
2015-12-22,8597.5
2015-12-23,8631.5
2015-12-24,8599.5
2015-12-25,8599.5
2015-12-28,8599.5
2015-12-29,8707.0
2015-12-30,8660.5
2015-12-31,8780.0
2016-01-01,8780.0
2016-01-04,8465.0
2016-01-05,8486.0
2016-01-06,8572.5
2016-01-07,8470.0
2016-01-08,8525.5
2016-01-11,8234.5
2016-01-12,8200.5
2016-01-13,8355.5
2016-01-14,8542.5
2016-01-15,8359.5
2016-01-18,8558.0
2016-01-19,8563.0
2016-01-20,8518.0
2016-01-21,8711.0
2016-01-22,8673.25
2016-01-25,8519.0
2016-01-26,8635.5
2016-01-27,8620.5
2016-01-28,8553.0
2016-01-29,8583.0
2016-02-01,8419.25
2016-02-02,8361.5
2016-02-03,8480.75
2016-02-04,8507.0
2016-02-05,8121.5
2016-02-08,8178.0
2016-02-09,8055.5
2016-02-10,7845.0
2016-02-11,7561.5
2016-02-12,7789.5
2016-02-15,8246.5
2016-02-16,8327.0
2016-02-17,8381.0
2016-02-18,8326.5
2016-02-19,8557.5
2016-02-22,8752.0
2016-02-23,8588.5
2016-02-24,8496.0
2016-02-25,8318.0
2016-02-26,8465.0
2016-02-29,8491.0
2016-03-01,8653.5
2016-03-02,8697.5
2016-03-03,8972.75
2016-03-04,9316.5
2016-03-07,9359.0
2016-03-08,8556.0
2016-03-09,8858.0
2016-03-10,8725.0
2016-03-11,8797.5
2016-03-14,8574.0
2016-03-15,8518.5
2016-03-16,8563.0
2016-03-17,8857.5
2016-03-18,8621.5
2016-03-21,8729.0
2016-03-22,8749.5
2016-03-23,8658.5
2016-03-24,8612.25
2016-03-25,8612.25
2016-03-28,8612.25
2016-03-29,8408.0
2016-03-30,8386.25
2016-03-31,8448.5
2016-04-01,8278.0
2016-04-04,8323.5
2016-04-05,8442.0
2016-04-06,8549.5
2016-04-07,8350.5
2016-04-08,8510.5
2016-04-11,8524.5
2016-04-12,8829.75
2016-04-13,8953.0
2016-04-14,8960.5
2016-04-15,8881.0
2016-04-18,9105.0
2016-04-19,9237.5
2016-04-20,9295.5
2016-04-21,9068.5
2016-04-22,9059.0
2016-04-25,9095.75
2016-04-26,9156.0
2016-04-27,9166.0
2016-04-28,9261.0
2016-04-29,9409.0
2016-05-02,9409.0
2016-05-03,9478.75
2016-05-04,9402.5
2016-05-05,8979.0
2016-05-06,9024.5
2016-05-09,8561.75
2016-05-10,8667.75
2016-05-11,8843.0
2016-05-12,8589.0
2016-05-13,8598.5
2016-05-16,8680.5
2016-05-17,8755.25
2016-05-18,8592.75
2016-05-19,8510.5
2016-05-20,8457.25
2016-05-23,8286.0
2016-05-24,8354.5
2016-05-25,8305.0
2016-05-26,8353.0
2016-05-27,8379.0
2016-05-30,8379.0
2016-05-31,8388.5
2016-06-01,8432.25
2016-06-02,8428.75
2016-06-03,8455.25
2016-06-06,8620.5
2016-06-07,8540.5
2016-06-08,8917.75
2016-06-09,8893.0
2016-06-10,8881.25
2016-06-13,8839.5
2016-06-14,8836.75
2016-06-15,8997.0
2016-06-16,8823.0
2016-06-17,9018.0
2016-06-20,9238.5
2016-06-21,9144.5
2016-06-22,9183.25
2016-06-23,9179.0
2016-06-24,8973.0
2016-06-27,8933.0
2016-06-28,9293.5
2016-06-29,9394.5
2016-06-30,9401.0
2016-07-01,9926.5
2016-07-04,10150.5
2016-07-05,9659.0
2016-07-06,9939.0
2016-07-07,9706.25
2016-07-08,9839.5
2016-07-11,10005.0
2016-07-12,10448.0
2016-07-13,10307.5
2016-07-14,10319.5
2016-07-15,10238.75
2016-07-18,10505.0
2016-07-19,10528.5
2016-07-20,10548.5
2016-07-21,10726.5
2016-07-22,10374.5
2016-07-25,10436.5
2016-07-26,10310.0
2016-07-27,10312.0
2016-07-28,10651.75
2016-07-29,10587.25
2016-08-01,10692.5
2016-08-02,10684.0
2016-08-03,10693.0
2016-08-04,10565.75
2016-08-05,10676.0
2016-08-08,10726.5
2016-08-09,10734.5
2016-08-10,10815.0
2016-08-11,10690.5
2016-08-12,10260.75
2016-08-15,10467.25
2016-08-16,10208.5
2016-08-17,10169.5
2016-08-18,10300.5
2016-08-19,10307.0
2016-08-22,10214.5
2016-08-23,10213.75
2016-08-24,9940.5
2016-08-25,9791.75
2016-08-26,9757.25
2016-08-29,9757.25
2016-08-30,9775.25
2016-08-31,9707.5
2016-09-01,9854.0
2016-09-02,10004.0
2016-09-05,10015.0
2016-09-06,10057.75
2016-09-07,10161.5
2016-09-08,10299.5
2016-09-09,10325.75
2016-09-12,10033.25
2016-09-13,9809.25
2016-09-14,9788.0
2016-09-15,9662.5
2016-09-16,9674.0
2016-09-19,10101.5
2016-09-20,10261.5
2016-09-21,10301.0
2016-09-22,10615.5
2016-09-23,10615.5
2016-09-26,10485.0
2016-09-27,10585.0
2016-09-28,10651.0
2016-09-29,10390.75
2016-09-30,10528.0
2016-10-03,10299.5
2016-10-04,10030.5
2016-10-05,10031.0
2016-10-06,10204.5
2016-10-07,10150.25
2016-10-10,10473.5
2016-10-11,10378.5
2016-10-12,10521.0
2016-10-13,10387.25
2016-10-14,10447.0
2016-10-17,10251.0
2016-10-18,10366.75
2016-10-19,10265.5
2016-10-20,10086.5
2016-10-21,9918.0
2016-10-24,10067.5
2016-10-25,10189.0
2016-10-26,10224.0
2016-10-27,10330.0
2016-10-28,10396.25
2016-10-31,10437.0
2016-11-01,10367.0
2016-11-02,10279.0
2016-11-03,10439.5
2016-11-04,10418.5
2016-11-07,11088.0
2016-11-08,11217.5
2016-11-09,11532.5
2016-11-10,11495.0
2016-11-11,11164.5
2016-11-14,11215.0
2016-11-15,11250.0
2016-11-16,11284.0
2016-11-17,11200.0
2016-11-18,10800.25
2016-11-21,11353.5
2016-11-22,11325.75
2016-11-23,11553.5
2016-11-24,11533.0
2016-11-25,11513.5
2016-11-28,11582.5
2016-11-29,11027.75
2016-11-30,11195.75
2016-12-01,11156.5
2016-12-02,11404.75
2016-12-05,11589.5
2016-12-06,11566.0
2016-12-07,11361.5
2016-12-08,11058.0
2016-12-09,11422.0
2016-12-12,11251.25
2016-12-13,11337.0
2016-12-14,11367.5
2016-12-15,11249.5
2016-12-16,11119.5
2016-12-19,10825.5
2016-12-20,10868.0
2016-12-21,10772.0
2016-12-22,10674.25
2016-12-23,10353.75
2016-12-26,10353.75
2016-12-27,10353.75
2016-12-28,10038.5
2016-12-29,10066.5
2016-12-30,9964.0
2017-01-02,9964.0
2017-01-03,9854.5
2017-01-04,10164.5
2017-01-05,10241.0
2017-01-06,10191.25
2017-01-09,10337.75
2017-01-10,10562.0
2017-01-11,10127.0
2017-01-12,10224.25
2017-01-13,10399.5
2017-01-16,10212.0
2017-01-17,10111.5
2017-01-18,10123.0
2017-01-19,9873.5
2017-01-20,9648.5
2017-01-23,9655.0
2017-01-24,9741.0
2017-01-25,9639.5
2017-01-26,9352.5
2017-01-27,9420.5
2017-01-30,9622.5
2017-01-31,9899.5
2017-02-01,10193.25
2017-02-02,10341.0
2017-02-03,10171.0
2017-02-06,10396.5
2017-02-07,10299.75
2017-02-08,10443.0
2017-02-09,10232.5
2017-02-10,10614.75
2017-02-13,10680.0
2017-02-14,10715.0
2017-02-15,10873.5
2017-02-16,11011.75
2017-02-17,10993.75
2017-02-20,11094.25
2017-02-21,10798.5
2017-02-22,10753.5
2017-02-23,10526.0
2017-02-24,10808.5
2017-02-27,10993.0
2017-02-28,10926.5
2017-03-01,10974.5
2017-03-02,10725.25
2017-03-03,10936.0
2017-03-06,11039.75
2017-03-07,10588.75
2017-03-08,10142.0
2017-03-09,10092.0
2017-03-10,9840.0
2017-03-13,10113.5
2017-03-14,10170.5
2017-03-15,10143.5
2017-03-16,10162.0
2017-03-17,10202.5
2017-03-20,10104.25
2017-03-21,10097.0
2017-03-22,9955.5
2017-03-23,9967.75
2017-03-24,9807.5
2017-03-27,9703.0
2017-03-28,9928.0
2017-03-29,9977.5
2017-03-30,10074.0
2017-03-31,9962.5
2017-04-03,9785.0
2017-04-04,9914.75
2017-04-05,10230.25
2017-04-06,10019.0
2017-04-07,10123.0
2017-04-10,10117.5
2017-04-11,9782.5
2017-04-12,9679.5
2017-04-13,9695.25
2017-04-14,9695.25
2017-04-17,9695.25
2017-04-18,9255.5
2017-04-19,9286.25
2017-04-20,9435.0
2017-04-21,9295.0
2017-04-24,9206.5
2017-04-25,9270.5
2017-04-26,9179.5
2017-04-27,9288.0
2017-04-28,9404.0
2017-05-01,9404.0
2017-05-02,9463.0
2017-05-03,9177.0
2017-05-04,8969.5
2017-05-05,9107.5
2017-05-08,9107.5
2017-05-09,9173.5
2017-05-10,9078.5
2017-05-11,9291.0
2017-05-12,9276.0
2017-05-15,9177.0
2017-05-16,9064.5
2017-05-17,9166.0
2017-05-18,9136.5
2017-05-19,9325.0
2017-05-22,9351.5
2017-05-23,9301.5
2017-05-24,9057.5
2017-05-25,9000.5
2017-05-26,9040.0
2017-05-29,9040.0
2017-05-30,9072.0
2017-05-31,8922.0
2017-06-01,8793.0
2017-06-02,8874.25
2017-06-05,8866.75
2017-06-06,8816.0
2017-06-07,8754.5
2017-06-08,8758.5
2017-06-09,8924.0
2017-06-12,8735.5
2017-06-13,8738.5
2017-06-14,8883.0
2017-06-15,8790.0
2017-06-16,8882.75
2017-06-19,8952.5
2017-06-20,8768.5
2017-06-21,8952.5
2017-06-22,8967.5
2017-06-23,9031.0
2017-06-26,8973.5
2017-06-27,9212.5
2017-06-28,9225.5
2017-06-29,9251.5
2017-06-30,9347.0
2017-07-03,9346.0
2017-07-04,9141.0
2017-07-05,9121.5
2017-07-06,9037.0
2017-07-07,8879.75
2017-07-10,8961.5
2017-07-11,9087.0
2017-07-12,9159.5
2017-07-13,9166.5
2017-07-14,9529.5
2017-07-17,9554.5
2017-07-18,9733.0
2017-07-19,9601.5
2017-07-20,9445.0
2017-07-21,9469.0
2017-07-24,9726.0
2017-07-25,9955.0
2017-07-26,9994.5
2017-07-27,10087.5
2017-07-28,10155.5
2017-07-31,10168.5
2017-08-01,10241.0
2017-08-02,10304.5
2017-08-03,10335.0
2017-08-04,10209.5
2017-08-07,10360.5
2017-08-08,10591.5
2017-08-09,10717.5
2017-08-10,10938.0
2017-08-11,10615.5
2017-08-14,10407.0
2017-08-15,10298.5
2017-08-16,10706.5
2017-08-17,10670.5
2017-08-18,10928.5
2017-08-21,11263.5
2017-08-22,11363.5
2017-08-23,11606.5
2017-08-24,11689.0
2017-08-25,11426.0
2017-08-28,11426.0
2017-08-29,11647.0
2017-08-30,11520.0
2017-08-31,11740.0
2017-09-01,11972.75
2017-09-04,12193.5
2017-09-05,12020.0
2017-09-06,12102.0
2017-09-07,12086.25
2017-09-08,11524.0
2017-09-11,11692.5
2017-09-12,11904.5
2017-09-13,11270.0
2017-09-14,11124.0
2017-09-15,11009.5
2017-09-18,11164.0
2017-09-19,11069.5
2017-09-20,11310.0
2017-09-21,10930.5
2017-09-22,10342.0
2017-09-25,10491.0
2017-09-26,10395.0
2017-09-27,10157.0
2017-09-28,10358.0
2017-09-29,10415.5
2017-10-02,10304.5
2017-10-03,10532.5
2017-10-04,10522.0
2017-10-05,10448.0
2017-10-06,10515.0
2017-10-09,10929.5
2017-10-10,10980.5
2017-10-11,11061.0
2017-10-12,11338.0
2017-10-13,11610.5
2017-10-16,11805.5
2017-10-17,11702.5
2017-10-18,11586.0
2017-10-19,11675.5
2017-10-20,11670.5
2017-10-23,11795.5
2017-10-24,11940.0
2017-10-25,11821.0
2017-10-26,11716.0
2017-10-27,11546.0
2017-10-30,11630.5
2017-10-31,12256.5
2017-11-01,12758.0
2017-11-02,12568.0
2017-11-03,12682.0
2017-11-06,12870.0
2017-11-07,12599.0
2017-11-08,12650.5
2017-11-09,12247.0
2017-11-10,12055.5
2017-11-13,12432.0
2017-11-14,11719.0
2017-11-15,11633.5
2017-11-16,11294.0
2017-11-17,11518.5
2017-11-20,11601.0
2017-11-21,11810.5
2017-11-22,11781.0
2017-11-23,11872.5
2017-11-24,11979.0
2017-11-27,11513.0
2017-11-28,11290.0
2017-11-29,11460.0
2017-11-30,11050.0
2017-12-01,11229.5
2017-12-04,11320.5
2017-12-05,10801.0
2017-12-06,10749.0
2017-12-07,10986.5
2017-12-08,10890.5
2017-12-11,11176.5
2017-12-12,11009.0
2017-12-13,11039.0
2017-12-14,11099.5
2017-12-15,11522.0
2017-12-18,11778.0
2017-12-19,11697.5
2017-12-20,11976.0
2017-12-21,12011.0
2017-12-22,12072.5
2017-12-25,12072.5
2017-12-26,12072.5
2017-12-27,12048.5
2017-12-28,12295.0
2017-12-29,12705.5
2018-01-01,12705.5
2018-01-02,12561.5
2018-01-03,12360.75
2018-01-04,12602.5
2018-01-05,12487.75
2018-01-08,12486.5
2018-01-09,12642.0
2018-01-10,12883.5
2018-01-11,12573.0
2018-01-12,12684.0
2018-01-15,12807.0
2018-01-16,12482.0
2018-01-17,12351.25
2018-01-18,12421.0
2018-01-19,12678.5
2018-01-22,12723.5
2018-01-23,12810.0
2018-01-24,13539.5
2018-01-25,13662.5
2018-01-26,13618.5
2018-01-29,13775.5
2018-01-30,13317.0
2018-01-31,13559.5
2018-02-01,13965.5
2018-02-02,13400.0
2018-02-05,13705.0
2018-02-06,13345.0
2018-02-07,13134.0
2018-02-08,13104.5
2018-02-09,12932.5
2018-02-12,13060.0
2018-02-13,13408.0
2018-02-14,14056.0
2018-02-15,14107.0
2018-02-16,13870.5
2018-02-19,13543.0
2018-02-20,13559.0
2018-02-21,13797.0
2018-02-22,13787.0
2018-02-23,13723.0
2018-02-26,13879.5
2018-02-27,13797.5
2018-02-28,13743.5
2018-03-01,13412.0
2018-03-02,13403.0
2018-03-05,13379.0
2018-03-06,13625.5
2018-03-07,13534.0
2018-03-08,13213.5
2018-03-09,13814.0
2018-03-12,13622.5
2018-03-13,13828.0
2018-03-14,13779.5
2018-03-15,13576.0
2018-03-16,13569.0
2018-03-19,13429.0
2018-03-20,13408.0
2018-03-21,13416.0
2018-03-22,13146.0
2018-03-23,12902.0
2018-03-26,12903.5
2018-03-27,12948.0
2018-03-28,13081.0
2018-03-29,13253.0
2018-03-30,13253.0
2018-04-02,13253.0
2018-04-03,13418.5
2018-04-04,13099.5
2018-04-05,13272.5
2018-04-06,13220.0
2018-04-09,13390.0
2018-04-10,13651.5
2018-04-11,13820.5
2018-04-12,13671.0
2018-04-13,13897.0
2018-04-16,14307.0
2018-04-17,14174.0
2018-04-18,15224.0
2018-04-19,15020.5
2018-04-20,14775.5
2018-04-23,14207.5
2018-04-24,13923.0
2018-04-25,14085.5
2018-04-26,14181.0
2018-04-27,13830.5
2018-04-30,13593.0
2018-05-01,13596.75
2018-05-02,13935.5
2018-05-03,13725.0
2018-05-04,13974.0
2018-05-07,13974.0
2018-05-08,13826.0
2018-05-09,13863.0
2018-05-10,13819.5
2018-05-11,13995.0
2018-05-14,14431.0
2018-05-15,14354.0
2018-05-16,14403.0
2018-05-17,14529.0
2018-05-18,14688.5
2018-05-21,14607.5
2018-05-22,14722.0
2018-05-23,14592.0
2018-05-24,14843.0
2018-05-25,14724.0
2018-05-28,14724.0
2018-05-29,14843.5
2018-05-30,15066.5
2018-05-31,15157.5
2018-06-01,15380.5
2018-06-04,15423.5
2018-06-05,15687.5
2018-06-06,15569.75
2018-06-07,15456.0
2018-06-08,15355.0
2018-06-11,15222.0
2018-06-12,15135.5
2018-06-13,15549.0
2018-06-14,15210.5
2018-06-15,15107.5
2018-06-18,14891.5
2018-06-19,14566.0
2018-06-20,14893.0
2018-06-21,14905.0
2018-06-22,15180.5
2018-06-25,14646.0
2018-06-26,14704.5
2018-06-27,14804.0
2018-06-28,14708.5
2018-06-29,14823.0
2018-07-02,14464.5
2018-07-03,14353.5
2018-07-04,14054.0
2018-07-05,14103.5
2018-07-06,13850.5
2018-07-09,14118.0
2018-07-10,14057.0
2018-07-11,13785.0
2018-07-12,14099.0
2018-07-13,13881.0
2018-07-16,13571.5
2018-07-17,13393.0
2018-07-18,13519.0
2018-07-19,13249.0
2018-07-20,13437.0
2018-07-23,13301.0
2018-07-24,13499.0
2018-07-25,13577.0
2018-07-26,13677.0
2018-07-27,13770.0
2018-07-30,13766.5
2018-07-31,13939.0
2018-08-01,13492.5
2018-08-02,13237.25
2018-08-03,13456.0
2018-08-06,13594.0
2018-08-07,13763.0
2018-08-08,13967.5
2018-08-09,13804.0
2018-08-10,13736.5
2018-08-13,13455.0
2018-08-14,13328.0
2018-08-15,12753.5
2018-08-16,13230.0
2018-08-17,13390.0
2018-08-20,13476.0
2018-08-21,13474.5
2018-08-22,13442.5
2018-08-23,13197.5
2018-08-24,13338.0
2018-08-27,13338.0
2018-08-28,13591.0
2018-08-29,13415.0
2018-08-30,13200.0
2018-08-31,12708.0
2018-09-03,12697.5
2018-09-04,12380.0
2018-09-05,12357.5
2018-09-06,12356.0
2018-09-07,12271.0
2018-09-10,12324.0
2018-09-11,12142.5
2018-09-12,12543.0
2018-09-13,12527.0
2018-09-14,12573.5
2018-09-17,12158.0
2018-09-18,12312.5
2018-09-19,12420.0
2018-09-20,12541.0
2018-09-21,13166.5
2018-09-24,12864.0
2018-09-25,12860.5
2018-09-26,12731.5
2018-09-27,12474.0
2018-09-28,12507.0
2018-10-01,12406.0
2018-10-02,12421.0
2018-10-03,12677.0
2018-10-04,12402.5
2018-10-05,12539.0
2018-10-08,12495.5
2018-10-09,12933.0
2018-10-10,12604.0
2018-10-11,12601.5
2018-10-12,12579.0
2018-10-15,12534.5
2018-10-16,12516.5
2018-10-17,12298.5
2018-10-18,12276.0
2018-10-19,12372.0
2018-10-22,12447.5
2018-10-23,12290.5
2018-10-24,12141.5
2018-10-25,12072.0
2018-10-26,11834.0
2018-10-29,11686.0
2018-10-30,11690.0
2018-10-31,11425.5
2018-11-01,11718.5
2018-11-02,11860.5
2018-11-05,11675.5
2018-11-06,11699.5
2018-11-07,11743.5
2018-11-08,11710.0
2018-11-09,11397.0
2018-11-12,11320.0
2018-11-13,11262.5
2018-11-14,11230.0
2018-11-15,11182.5
2018-11-16,11287.0
2018-11-19,11108.0
2018-11-20,11027.0
2018-11-21,10951.5
2018-11-22,10902.25
2018-11-23,10849.0
2018-11-26,10803.5
2018-11-27,10700.0
2018-11-28,10726.5
2018-11-29,10984.0
2018-11-30,11135.5
2018-12-03,11179.5
2018-12-04,11080.5
2018-12-05,11156.0
2018-12-06,10780.5
2018-12-07,10845.5
2018-12-10,10729.5
2018-12-11,10696.5
2018-12-12,10727.0
2018-12-13,10780.5
2018-12-14,11009.5
2018-12-17,10907.5
2018-12-18,10752.5
2018-12-19,10868.0
2018-12-20,10832.0
2018-12-21,10796.0
2018-12-24,10801.0
2018-12-25,10801.0
2018-12-26,10801.0
2018-12-27,10673.0
2018-12-28,10647.0
2018-12-31,10604.5
2019-01-01,10604.5
2019-01-02,10791.0
2019-01-03,10796.0
2019-01-04,11042.5
2019-01-07,11081.0
2019-01-08,11112.5
2019-01-09,11184.0
2019-01-10,11194.0
2019-01-11,11414.0
2019-01-14,11354.5
2019-01-15,11661.0
2019-01-16,11563.5
2019-01-17,11545.5
2019-01-18,11771.5
2019-01-21,11736.0
2019-01-22,11516.5
2019-01-23,11628.0
2019-01-24,11707.0
2019-01-25,11907.0
2019-01-28,11761.0
2019-01-29,12054.0
2019-01-30,12281.0
2019-01-31,12406.5
2019-02-01,12591.5
2019-02-04,13194.0
2019-02-05,12978.5
2019-02-06,12855.5
2019-02-07,12909.5
2019-02-08,12491.75
2019-02-11,12407.0
2019-02-12,12327.5
2019-02-13,12324.0
2019-02-14,12119.75
2019-02-15,12320.0
2019-02-18,12374.0
2019-02-19,12578.5
2019-02-20,12828.0
2019-02-21,12776.0
2019-02-22,12915.5
2019-02-25,12896.0
2019-02-26,12877.0
2019-02-27,12971.5
2019-02-28,12969.0
2019-03-01,13114.5
2019-03-04,13171.0
2019-03-05,13574.0
2019-03-06,13506.0
2019-03-07,13156.0
2019-03-08,13003.5
2019-03-11,12807.5
2019-03-12,13015.0
2019-03-13,13118.0
2019-03-14,12799.0
2019-03-15,12844.25
2019-03-18,12925.0
2019-03-19,13049.0
2019-03-20,13121.0
2019-03-21,12911.0
2019-03-22,12903.0
2019-03-25,12871.0
2019-03-26,12994.5
2019-03-27,12976.5
2019-03-28,12795.5
2019-03-29,12896.5
2019-04-01,13021.0
2019-04-02,13057.5
2019-04-03,13244.0
2019-04-04,13081.5
2019-04-05,12987.0
2019-04-08,13100.5
2019-04-09,13114.0
2019-04-10,13136.5
2019-04-11,12892.5
2019-04-12,12941.25
2019-04-15,12907.5
2019-04-16,12867.5
2019-04-17,12813.0
2019-04-18,12588.0
2019-04-19,12588.0
2019-04-22,12588.0
2019-04-23,12308.0
2019-04-24,12326.5
2019-04-25,12251.5
2019-04-26,12353.5
2019-04-29,12333.0
2019-04-30,12131.5
2019-05-01,12100.0
2019-05-02,12075.0
2019-05-03,12136.5
2019-05-06,12136.5
2019-05-07,11994.0
2019-05-08,11904.5
2019-05-09,11735.0
2019-05-10,11885.0
2019-05-13,11759.0
2019-05-14,11912.0
2019-05-15,12158.0
2019-05-16,12196.0
2019-05-17,12002.0
2019-05-20,11974.0
2019-05-21,12068.0
2019-05-22,11979.5
2019-05-23,11892.0
2019-05-24,12347.0
2019-05-27,12347.0
2019-05-28,12099.0
2019-05-29,12015.0
2019-05-30,12139.5
2019-05-31,11971.5
2019-06-03,11820.0
2019-06-04,11757.0
2019-06-05,11653.0
2019-06-06,11594.0
2019-06-07,11542.0
2019-06-10,11564.0
2019-06-11,11807.0
2019-06-12,11757.0
2019-06-13,11762.0
2019-06-14,11792.0
2019-06-17,11688.0
2019-06-18,11871.0
2019-06-19,12021.0
2019-06-20,12229.75
2019-06-21,12018.5
2019-06-24,12069.5
2019-06-25,12234.0
2019-06-26,12424.0
2019-06-27,12658.0
2019-06-28,12617.0
2019-07-01,12266.0
2019-07-02,12004.5
2019-07-03,12271.5
2019-07-04,12270.0
2019-07-05,12418.0
2019-07-08,12676.0
2019-07-09,12646.5
2019-07-10,12928.0
2019-07-11,13073.0
2019-07-12,13409.5
2019-07-15,13595.0
2019-07-16,14004.0
2019-07-17,14419.0
2019-07-18,14817.0
2019-07-19,14680.0
2019-07-22,14256.0
2019-07-23,14131.0
2019-07-24,14508.0
2019-07-25,14032.0
2019-07-26,14063.0
2019-07-29,14325.0
2019-07-30,14320.0
2019-07-31,14452.0
2019-08-01,14578.0
2019-08-02,14448.0
2019-08-05,14878.0
2019-08-06,14944.0
2019-08-07,14802.0
2019-08-08,15844.0
2019-08-09,15513.0
2019-08-12,15680.0
2019-08-13,15914.0
2019-08-14,15983.0
2019-08-15,16290.0
2019-08-16,16222.0
2019-08-19,15943.0
2019-08-20,15878.5
2019-08-21,15857.0
2019-08-22,15710.0
2019-08-23,15723.0
2019-08-26,15723.0
2019-08-27,15779.0
2019-08-28,16182.0
2019-08-29,16549.0
2019-08-30,18004.0
2019-09-02,18118.0
2019-09-03,18023.0
2019-09-04,18015.0
2019-09-05,17515.0
2019-09-06,17743.0
2019-09-09,18102.0
2019-09-10,18128.0
2019-09-11,17952.0
2019-09-12,18153.0
2019-09-13,17809.0
2019-09-16,17461.0
2019-09-17,17118.0
2019-09-18,17305.0
2019-09-19,17430.0
2019-09-20,17660.0
2019-09-23,17595.0
2019-09-24,17295.0
2019-09-25,17475.0
2019-09-26,17340.0
2019-09-27,17338.5
2019-09-30,17219.0
2019-10-01,17434.0
2019-10-02,17640.0
2019-10-03,17775.0
2019-10-04,17906.0
2019-10-07,17810.0
2019-10-08,17555.0
2019-10-09,17740.0
2019-10-10,17725.0
2019-10-11,17990.0
2019-10-14,17395.0
2019-10-15,17030.0
2019-10-16,16995.0
2019-10-17,16320.0
2019-10-18,16450.0
2019-10-21,16190.0
2019-10-22,16015.0
2019-10-23,16390.0
2019-10-24,16945.0
2019-10-25,16880.0
2019-10-28,16675.0
2019-10-29,16670.0
2019-10-30,16890.0
2019-10-31,16830.0
2019-11-01,16745.0
2019-11-04,16585.0
2019-11-05,16230.0
2019-11-06,16380.0
2019-11-07,16300.0
2019-11-08,16180.0
2019-11-11,15720.0
2019-11-12,15490.0
2019-11-13,15520.0
2019-11-14,15350.0
2019-11-15,14980.0
2019-11-18,14750.0
2019-11-19,14470.0
2019-11-20,14305.0
2019-11-21,14405.0
2019-11-22,14375.0
2019-11-25,14560.0
2019-11-26,14365.0
2019-11-27,14435.0
2019-11-28,14060.0
2019-11-29,13805.0
2019-12-02,13620.0
2019-12-03,13595.0
2019-12-04,13240.0
2019-12-05,13160.0
2019-12-06,13415.0
2019-12-09,13195.0
